dataset,method,family,SP,modeler,TC,column,time(m)
homfam,learnMSA_1.1,aadh,58.3,59.9,31.1,34.2,6.0
homfam,learnMSA_1.1,aat,83.7,84.2,56.8,63.6,20.0
homfam,learnMSA_1.1,ace,81.6,83.6,59.9,66.1,25.0
homfam,learnMSA_1.1,Acetyltransf,61.5,57.9,32.8,41.6,4.0
homfam,learnMSA_1.1,adh,80.3,80.5,65.6,66.0,6.0
homfam,learnMSA_1.1,aldosered,88.5,91.3,66.5,74.8,12.0
homfam,learnMSA_1.1,Ald_Xan_dh_2,21.5,20.9,16.0,15.4,11.0
homfam,learnMSA_1.1,annexin,99.7,99.8,99.4,99.4,3.0
homfam,learnMSA_1.1,asp,91.1,91.7,71.7,77.3,8.0
homfam,learnMSA_1.1,az,73.9,76.5,34.2,32.4,2.0
homfam,learnMSA_1.1,biotin_lipoyl,96.5,94.8,81.2,84.2,2.0
homfam,learnMSA_1.1,blmb,69.1,70.3,41.8,50.8,6.0
homfam,learnMSA_1.1,blm,87.0,88.2,65.5,68.2,13.0
homfam,learnMSA_1.1,bowman,94.2,94.2,82.9,84.9,1.0
homfam,learnMSA_1.1,cah,87.8,88.2,65.7,73.6,3.0
homfam,learnMSA_1.1,ChtBD,97.6,98.3,90.7,93.2,1.0
homfam,learnMSA_1.1,cryst,80.8,93.2,34.3,35.1,2.0
homfam,learnMSA_1.1,cyclo,90.6,92.5,78.8,80.6,4.0
homfam,learnMSA_1.1,cys,92.3,92.1,68.3,78.6,4.0
homfam,learnMSA_1.1,cyt3,81.5,81.8,58.5,66.7,2.0
homfam,learnMSA_1.1,cytb,91.0,91.2,72.8,79.0,3.0
homfam,learnMSA_1.1,DEATH,79.2,80.4,40.3,54.8,2.0
homfam,learnMSA_1.1,DMRL_synthase,89.8,88.2,67.5,77.3,2.0
homfam,learnMSA_1.1,egf,73.7,71.9,19.1,33.1,2.0
homfam,learnMSA_1.1,flav,84.2,85.9,53.7,60.5,3.0
homfam,learnMSA_1.1,GEL,67.4,62.9,39.7,55.9,2.0
homfam,learnMSA_1.1,ghf10,93.2,93.5,80.5,86.2,4.0
homfam,learnMSA_1.1,ghf11,90.2,90.6,75.0,77.7,2.0
homfam,learnMSA_1.1,ghf13,52.2,53.2,21.4,28.7,16.0
homfam,learnMSA_1.1,ghf1,90.3,91.9,66.4,75.8,13.0
homfam,learnMSA_1.1,ghf22,93.1,93.5,80.0,82.8,2.0
homfam,learnMSA_1.1,ghf5,63.6,63.5,32.1,46.0,6.0
homfam,learnMSA_1.1,glob,81.8,81.9,34.1,35.1,2.0
homfam,learnMSA_1.1,gluts,59.8,70.0,33.9,36.5,4.0
homfam,learnMSA_1.1,gpdh,62.8,62.8,42.5,44.6,5.0
homfam,learnMSA_1.1,hip,78.1,77.6,48.8,59.4,2.0
homfam,learnMSA_1.1,hla,98.7,100.0,97.8,97.8,4.0
homfam,learnMSA_1.1,HLH,89.8,92.5,84.5,85.5,2.0
homfam,learnMSA_1.1,HMG_box,97.3,96.2,85.2,93.9,2.0
homfam,learnMSA_1.1,hom,96.0,95.6,72.5,87.6,2.0
homfam,learnMSA_1.1,hormone_rec,67.3,67.4,44.1,56.6,4.0
homfam,learnMSA_1.1,hpr,99.3,99.3,97.7,98.5,2.0
homfam,learnMSA_1.1,hr,100.0,100.0,100.0,100.0,2.0
homfam,learnMSA_1.1,icd,93.7,94.1,83.5,85.3,13.0
homfam,learnMSA_1.1,il8,88.5,88.5,59.7,71.5,2.0
homfam,learnMSA_1.1,ins,91.8,94.6,60.9,81.6,2.0
homfam,learnMSA_1.1,int,84.6,86.6,65.8,71.0,4.0
homfam,learnMSA_1.1,KAS,44.4,49.2,22.0,16.8,3.0
homfam,learnMSA_1.1,kringle,85.1,86.8,65.2,67.8,2.0
homfam,learnMSA_1.1,kunitz,97.9,97.9,90.0,89.3,2.0
homfam,learnMSA_1.1,ldh,55.0,54.2,24.3,28.5,4.0
homfam,learnMSA_1.1,LIM,93.1,94.0,82.9,88.7,2.0
homfam,learnMSA_1.1,ltn,93.7,93.6,71.1,77.9,3.0
homfam,learnMSA_1.1,lyase_1,71.4,71.3,48.7,49.7,12.0
homfam,learnMSA_1.1,mmp,97.1,98.2,92.9,95.0,3.0
homfam,learnMSA_1.1,mofe,76.4,76.6,53.4,60.1,8.0
homfam,learnMSA_1.1,msb,92.8,92.5,76.6,83.0,2.0
homfam,learnMSA_1.1,myb_DNA-binding,94.4,93.3,78.6,84.0,2.0
homfam,learnMSA_1.1,OTCace,55.7,55.5,44.2,43.2,4.0
homfam,learnMSA_1.1,oxidored_q6,67.1,68.1,46.2,47.7,4.0
homfam,learnMSA_1.1,p450,75.1,75.5,33.3,40.6,29.0
homfam,learnMSA_1.1,PDZ,92.2,92.3,82.8,83.6,2.0
homfam,learnMSA_1.1,peroxidase,61.5,65.9,37.8,42.6,5.0
homfam,learnMSA_1.1,phc,38.9,52.5,0.0,0.0,2.0
homfam,learnMSA_1.1,phoslip,93.1,92.7,68.4,78.0,2.0
homfam,learnMSA_1.1,profilin,92.0,92.9,79.7,80.3,2.0
homfam,learnMSA_1.1,proteasome,81.9,77.9,25.5,38.3,4.0
homfam,learnMSA_1.1,Rhodanese,71.7,70.6,40.1,47.5,4.0
homfam,learnMSA_1.1,rhv,14.9,31.6,0.6,0.1,18.0
homfam,learnMSA_1.1,ricin,76.2,77.3,54.6,59.8,2.0
homfam,learnMSA_1.1,rnasemam,90.3,88.8,62.7,71.9,2.0
homfam,learnMSA_1.1,rrm,84.9,83.3,20.7,28.1,3.0
homfam,learnMSA_1.1,rub,99.2,99.2,96.3,96.7,1.0
homfam,learnMSA_1.1,rvp,42.6,76.2,15.3,13.2,5.0
homfam,learnMSA_1.1,scorptoxin,87.4,86.8,64.4,76.8,1.0
homfam,learnMSA_1.1,sdr,68.2,65.7,34.4,43.7,8.0
homfam,learnMSA_1.1,seatoxin,70.8,69.2,22.4,22.0,2.0
homfam,learnMSA_1.1,serpin,95.1,94.9,80.4,86.8,10.0
homfam,learnMSA_1.1,slectin,94.3,95.6,87.6,89.6,2.0
homfam,learnMSA_1.1,sodcu,89.5,90.3,72.9,78.3,2.0
homfam,learnMSA_1.1,sodfe,50.7,50.4,22.5,23.6,3.0
homfam,learnMSA_1.1,Stap_Strp_toxin,28.7,29.6,0.4,0.0,2.0
homfam,learnMSA_1.1,sti,77.2,78.3,55.4,61.2,2.0
homfam,learnMSA_1.1,subt,77.3,80.2,29.6,41.0,13.0
homfam,learnMSA_1.1,Sulfotransfer,81.4,82.8,53.7,61.8,4.0
homfam,learnMSA_1.1,tgfb,83.7,86.5,45.3,50.1,2.0
homfam,learnMSA_1.1,tim,98.3,98.2,92.3,95.6,4.0
homfam,learnMSA_1.1,tms,93.7,94.1,80.4,85.8,6.0
homfam,learnMSA_1.1,TNF,78.9,79.7,59.2,62.2,2.0
homfam,learnMSA_1.1,toxin,92.3,90.8,62.3,71.5,1.0
homfam,learnMSA_1.1,trfl,93.8,94.9,87.2,86.8,7.0
homfam,learnMSA_1.1,tRNA-synt_2b,50.7,46.1,28.2,38.6,6.0
homfam,learnMSA_1.1,uce,92.8,94.8,69.3,75.2,3.0
homfam,learnMSA_1.1,zf-CCHH,96.6,96.0,85.7,89.3,3.0
homfam,learnMSA_paper,aadh,62.2,61.7,40.8,44.8,16.0
homfam,learnMSA_paper,aat,83.5,83.3,59.2,66.8,90.0
homfam,learnMSA_paper,ace,76.5,79.6,56.6,63.3,94.0
homfam,learnMSA_paper,Acetyltransf,62.1,58.2,33.9,43.1,10.0
homfam,learnMSA_paper,adh,54.8,63.9,40.3,40.5,10.0
homfam,learnMSA_paper,aldosered,88.7,91.0,64.9,73.4,45.0
homfam,learnMSA_paper,Ald_Xan_dh_2,21.0,20.4,14.1,14.1,10.0
homfam,learnMSA_paper,annexin,97.9,98.2,93.7,94.1,4.0
homfam,learnMSA_paper,asp,91.9,92.2,72.7,78.8,28.0
homfam,learnMSA_paper,az,73.3,73.7,31.0,27.0,3.0
homfam,learnMSA_paper,biotin_lipoyl,94.9,95.4,80.0,82.1,4.0
homfam,learnMSA_paper,blmb,66.9,67.9,36.0,47.4,23.0
homfam,learnMSA_paper,blm,91.2,92.8,70.4,72.5,47.0
homfam,learnMSA_paper,bowman,93.6,94.2,81.4,84.0,2.0
homfam,learnMSA_paper,cah,86.1,87.1,61.6,69.7,11.0
homfam,learnMSA_paper,ChtBD,95.9,98.0,86.0,89.4,2.0
homfam,learnMSA_paper,cryst,92.5,92.1,70.2,73.7,3.0
homfam,learnMSA_paper,cyclo,91.8,92.5,80.4,83.2,9.0
homfam,learnMSA_paper,cys,92.4,92.1,66.8,77.2,13.0
homfam,learnMSA_paper,cyt3,66.9,68.8,42.4,48.3,2.0
homfam,learnMSA_paper,cytb,81.7,82.5,56.5,60.3,3.0
homfam,learnMSA_paper,DEATH,75.9,76.7,35.5,48.3,3.0
homfam,learnMSA_paper,DMRL_synthase,91.1,89.5,71.0,80.4,4.0
homfam,learnMSA_paper,egf,76.7,74.7,23.5,35.7,3.0
homfam,learnMSA_paper,flav,82.6,83.5,56.6,58.2,6.0
homfam,learnMSA_paper,GEL,66.9,62.7,36.3,50.9,3.0
homfam,learnMSA_paper,ghf10,90.6,91.2,76.8,83.4,16.0
homfam,learnMSA_paper,ghf11,89.7,89.9,74.0,76.6,5.0
homfam,learnMSA_paper,ghf13,49.1,50.4,22.8,31.5,54.0
homfam,learnMSA_paper,ghf1,89.9,91.4,68.2,76.2,71.0
homfam,learnMSA_paper,ghf22,95.1,95.4,86.9,89.5,3.0
homfam,learnMSA_paper,ghf5,61.5,61.1,32.4,46.4,20.0
homfam,learnMSA_paper,glob,86.7,87.1,34.7,35.8,4.0
homfam,learnMSA_paper,gluts,57.1,57.5,29.2,31.2,7.0
homfam,learnMSA_paper,gpdh,62.4,62.4,41.3,43.9,9.0
homfam,learnMSA_paper,hip,85.0,84.3,56.0,64.4,2.0
homfam,learnMSA_paper,hla,100.0,100.0,100.0,100.0,12.0
homfam,learnMSA_paper,HLH,87.6,89.1,72.6,81.1,4.0
homfam,learnMSA_paper,HMG_box,97.3,96.2,85.2,93.9,3.0
homfam,learnMSA_paper,hom,92.5,93.3,63.8,76.8,4.0
homfam,learnMSA_paper,hormone_rec,70.7,70.3,45.6,58.5,10.0
homfam,learnMSA_paper,hpr,99.3,100.0,98.9,98.8,3.0
homfam,learnMSA_paper,hr,100.0,100.0,100.0,100.0,2.0
homfam,learnMSA_paper,icd,88.1,88.7,70.2,72.0,45.0
homfam,learnMSA_paper,il8,85.4,84.7,48.1,57.5,2.0
homfam,learnMSA_paper,ins,95.0,94.7,69.6,90.2,3.0
homfam,learnMSA_paper,int,79.0,80.6,54.5,58.9,11.0
homfam,learnMSA_paper,KAS,44.7,49.0,22.2,17.1,10.0
homfam,learnMSA_paper,kringle,85.6,88.6,67.4,70.3,2.0
homfam,learnMSA_paper,kunitz,95.4,96.0,80.0,83.0,2.0
homfam,learnMSA_paper,ldh,58.2,57.0,32.4,38.4,8.0
homfam,learnMSA_paper,LIM,94.0,95.0,84.1,90.3,3.0
homfam,learnMSA_paper,ltn,93.8,94.0,74.3,80.1,11.0
homfam,learnMSA_paper,lyase_1,70.4,70.8,47.1,48.1,36.0
homfam,learnMSA_paper,mmp,97.5,97.4,92.9,94.6,8.0
homfam,learnMSA_paper,mofe,73.8,74.3,50.0,56.4,40.0
homfam,learnMSA_paper,msb,92.6,92.0,75.2,81.3,4.0
homfam,learnMSA_paper,myb_DNA-binding,94.4,93.3,78.6,84.0,4.0
homfam,learnMSA_paper,OTCace,56.6,56.3,46.6,45.3,8.0
homfam,learnMSA_paper,oxidored_q6,63.5,66.7,38.0,39.0,5.0
homfam,learnMSA_paper,p450,75.4,75.3,33.3,41.1,124.0
homfam,learnMSA_paper,PDZ,91.1,91.3,79.8,81.2,5.0
homfam,learnMSA_paper,peroxidase,64.1,69.0,37.0,41.4,15.0
homfam,learnMSA_paper,phc,36.4,51.4,0.0,0.0,3.0
homfam,learnMSA_paper,phoslip,94.3,94.6,73.5,83.5,3.0
homfam,learnMSA_paper,profilin,94.6,94.6,85.9,86.8,3.0
homfam,learnMSA_paper,proteasome,80.1,76.8,26.2,39.4,10.0
homfam,learnMSA_paper,Rhodanese,80.5,79.7,54.7,60.5,6.0
homfam,learnMSA_paper,rhv,21.0,33.3,1.2,1.1,21.0
homfam,learnMSA_paper,ricin,75.7,76.0,49.8,54.5,7.0
homfam,learnMSA_paper,rnasemam,89.8,86.7,59.0,68.0,3.0
homfam,learnMSA_paper,rrm,85.3,84.0,27.9,33.4,5.0
homfam,learnMSA_paper,rub,99.2,99.2,96.3,96.7,2.0
homfam,learnMSA_paper,rvp,62.4,78.9,13.5,15.2,15.0
homfam,learnMSA_paper,scorptoxin,89.7,89.0,69.9,79.4,2.0
homfam,learnMSA_paper,sdr,67.6,65.3,34.4,44.0,25.0
homfam,learnMSA_paper,seatoxin,78.9,77.3,42.9,43.3,2.0
homfam,learnMSA_paper,serpin,96.3,95.8,83.7,89.8,38.0
homfam,learnMSA_paper,slectin,90.0,90.8,80.3,84.1,5.0
homfam,learnMSA_paper,sodcu,86.7,87.5,65.7,73.3,5.0
homfam,learnMSA_paper,sodfe,50.6,49.8,23.4,25.2,4.0
homfam,learnMSA_paper,Stap_Strp_toxin,39.6,39.0,20.6,21.8,4.0
homfam,learnMSA_paper,sti,76.0,76.7,48.9,53.8,4.0
homfam,learnMSA_paper,subt,78.4,80.1,29.6,43.3,45.0
homfam,learnMSA_paper,Sulfotransfer,77.9,77.1,46.3,55.3,15.0
homfam,learnMSA_paper,tgfb,79.1,84.8,28.2,36.0,3.0
homfam,learnMSA_paper,tim,98.0,98.0,92.3,95.2,13.0
homfam,learnMSA_paper,tms,94.3,94.8,81.1,86.7,17.0
homfam,learnMSA_paper,TNF,81.3,82.4,58.6,65.0,3.0
homfam,learnMSA_paper,toxin,85.5,84.6,42.9,46.2,2.0
homfam,learnMSA_paper,trfl,91.9,93.9,85.6,83.8,19.0
homfam,learnMSA_paper,tRNA-synt_2b,31.2,41.2,0.0,0.0,17.0
homfam,learnMSA_paper,uce,94.8,95.6,70.5,78.0,5.0
homfam,learnMSA_paper,zf-CCHH,96.6,96.0,85.7,89.3,9.0
homfam,clustalo,Acetyltransf,41.2,67.0,12.2,13.8,12.0
homfam,clustalo,Ald_Xan_dh_2,84.5,85.0,67.3,71.6,0.0
homfam,clustalo,ChtBD,94.0,95.1,83.7,85.0,0.0
homfam,clustalo,DEATH,74.8,82.8,47.6,52.0,0.0
homfam,clustalo,DMRL_synthase,92.6,92.3,74.0,83.3,0.0
homfam,clustalo,GEL,59.6,61.2,28.8,39.8,0.0
homfam,clustalo,HLH,90.5,94.8,86.9,87.2,0.0
homfam,clustalo,HMG_box,79.3,88.2,56.8,64.0,0.0
homfam,clustalo,KAS,86.5,86.9,70.2,74.6,0.0
homfam,clustalo,LIM,94.7,97.8,82.9,88.7,0.0
homfam,clustalo,OTCace,94.3,96.3,85.8,86.7,0.0
homfam,clustalo,PDZ,89.2,93.0,73.7,76.6,1.0
homfam,clustalo,Rhodanese,50.3,65.3,36.5,28.6,1.0
homfam,clustalo,Stap_Strp_toxin,74.7,74.8,49.4,51.4,0.0
homfam,clustalo,Sulfotransfer,64.9,78.6,35.5,39.8,2.0
homfam,clustalo,TNF,87.6,90.5,68.2,74.5,0.0
homfam,clustalo,aadh,84.6,89.2,56.7,61.9,0.0
homfam,clustalo,aat,64.4,81.4,23.3,24.5,13.0
homfam,clustalo,ace,80.3,87.8,59.2,63.8,4.0
homfam,clustalo,adh,98.6,98.8,96.8,97.1,2.0
homfam,clustalo,aldosered,76.6,90.5,33.2,35.7,5.0
homfam,clustalo,annexin,100.0,100.0,100.0,100.0,0.0
homfam,clustalo,asp,80.1,91.4,51.6,54.9,1.0
homfam,clustalo,az,69.6,73.2,31.0,28.0,0.0
homfam,clustalo,biotin_lipoyl,93.2,94.6,75.3,77.6,0.0
homfam,clustalo,blm,66.8,84.1,24.3,24.8,7.0
homfam,clustalo,blmb,35.8,56.6,12.4,16.6,8.0
homfam,clustalo,bowman,92.7,92.2,75.7,78.8,0.0
homfam,clustalo,cah,90.3,94.1,76.8,81.1,0.0
homfam,clustalo,cryst,49.2,66.2,1.7,0.8,0.0
homfam,clustalo,cyclo,76.6,94.0,58.7,56.3,0.0
homfam,clustalo,cys,78.1,92.4,42.9,47.8,0.0
homfam,clustalo,cyt3,85.4,86.6,62.7,70.7,0.0
homfam,clustalo,cytb,76.9,90.4,54.3,59.0,0.0
homfam,clustalo,egf,66.2,71.8,33.8,28.1,0.0
homfam,clustalo,flav,74.5,82.5,47.4,49.5,0.0
homfam,clustalo,ghf1,87.9,94.4,67.4,75.8,1.0
homfam,clustalo,ghf10,89.6,94.2,76.8,80.7,0.0
homfam,clustalo,ghf11,93.4,95.0,84.4,85.9,0.0
homfam,clustalo,ghf13,58.8,69.2,23.8,31.5,5.0
homfam,clustalo,ghf22,97.4,97.4,87.7,90.6,0.0
homfam,clustalo,ghf5,62.2,70.0,33.7,46.9,1.0
homfam,clustalo,glob,93.2,95.6,51.2,50.4,0.0
homfam,clustalo,gluts,87.2,92.0,68.2,72.6,1.0
homfam,clustalo,gpdh,92.8,95.3,83.0,84.6,0.0
homfam,clustalo,hip,86.9,87.3,65.5,72.4,0.0
homfam,clustalo,hla,100.0,100.0,100.0,100.0,1.0
homfam,clustalo,hom,89.6,94.4,62.3,73.7,0.0
homfam,clustalo,hormone_rec,49.9,64.9,23.5,29.7,1.0
homfam,clustalo,hpr,100.0,100.0,100.0,100.0,0.0
homfam,clustalo,hr,88.3,96.7,82.3,80.0,0.0
homfam,clustalo,icd,92.3,95.8,81.5,83.3,1.0
homfam,clustalo,il8,81.1,84.4,48.1,53.5,0.0
homfam,clustalo,ins,95.0,95.1,66.7,88.6,0.0
homfam,clustalo,int,56.6,79.1,24.3,25.6,2.0
homfam,clustalo,kringle,88.5,91.8,74.2,78.2,0.0
homfam,clustalo,kunitz,97.5,98.6,88.3,87.5,0.0
homfam,clustalo,ldh,86.5,88.1,54.9,62.7,0.0
homfam,clustalo,ltn,89.5,93.5,60.5,66.7,0.0
homfam,clustalo,lyase_1,81.5,84.6,63.8,66.8,1.0
homfam,clustalo,mmp,97.4,98.3,92.9,94.4,0.0
homfam,clustalo,mofe,79.8,84.4,62.1,66.2,0.0
homfam,clustalo,msb,67.8,85.4,33.8,39.5,0.0
homfam,clustalo,myb_DNA-binding,73.5,90.2,51.8,53.9,0.0
homfam,clustalo,oxidored_q6,98.4,98.5,94.4,95.9,0.0
homfam,clustalo,p450,51.9,71.6,9.0,11.7,23.0
homfam,clustalo,peroxidase,87.2,89.6,61.3,65.9,1.0
homfam,clustalo,phc,95.7,96.4,78.8,82.7,0.0
homfam,clustalo,phoslip,93.0,94.5,65.4,75.0,0.0
homfam,clustalo,profilin,83.8,89.4,68.8,70.8,0.0
homfam,clustalo,proteasome,81.6,85.1,36.6,46.4,0.0
homfam,clustalo,rhv,81.7,83.6,54.2,64.6,1.0
homfam,clustalo,ricin,88.4,90.3,71.8,77.4,0.0
homfam,clustalo,rnasemam,93.7,92.2,73.1,83.1,0.0
homfam,clustalo,rrm,48.6,77.7,5.4,8.0,2.0
homfam,clustalo,rub,100.0,100.0,100.0,100.0,0.0
homfam,clustalo,rvp,63.5,72.0,36.9,40.0,7.0
homfam,clustalo,scorptoxin,91.3,90.7,75.3,83.1,0.0
homfam,clustalo,sdr,43.6,68.9,7.9,10.3,20.0
homfam,clustalo,seatoxin,82.6,81.3,57.1,56.7,0.0
homfam,clustalo,serpin,88.9,94.2,71.9,76.6,1.0
homfam,clustalo,slectin,86.4,94.3,73.0,76.3,0.0
homfam,clustalo,sodcu,88.2,93.7,74.7,77.0,0.0
homfam,clustalo,sodfe,84.5,87.2,58.9,60.8,0.0
homfam,clustalo,sti,82.1,84.5,57.1,62.5,0.0
homfam,clustalo,subt,55.1,89.9,17.3,11.8,11.0
homfam,clustalo,tRNA-synt_2b,33.0,46.2,11.0,15.2,1.0
homfam,clustalo,tgfb,88.0,89.7,58.1,67.6,0.0
homfam,clustalo,tim,95.7,97.1,84.9,87.6,0.0
homfam,clustalo,tms,92.3,96.6,78.9,82.7,0.0
homfam,clustalo,toxin,87.7,89.9,48.1,51.9,0.0
homfam,clustalo,trfl,97.9,98.0,94.7,95.1,0.0
homfam,clustalo,uce,83.1,92.4,41.6,45.3,0.0
homfam,clustalo,zf-CCHH,56.8,73.4,8.6,11.2,4.0
homfam,mafft,Acetyltransf,49.2,74.5,18.5,22.2,67.0
homfam,mafft,Ald_Xan_dh_2,75.9,78.5,54.8,59.8,2.0
homfam,mafft,ChtBD,95.9,95.7,88.4,89.9,0.0
homfam,mafft,DEATH,76.8,82.0,44.4,60.3,0.0
homfam,mafft,DMRL_synthase,81.4,86.1,50.9,57.7,0.0
homfam,mafft,GEL,70.8,68.9,43.2,56.0,0.0
homfam,mafft,HLH,81.4,87.7,65.5,74.2,1.0
homfam,mafft,HMG_box,97.5,96.5,87.7,93.9,0.0
homfam,mafft,KAS,86.7,87.8,71.8,77.7,1.0
homfam,mafft,LIM,98.2,98.4,90.2,96.9,0.0
homfam,mafft,OTCace,86.7,94.5,66.8,67.4,2.0
homfam,mafft,PDZ,80.1,87.9,61.6,62.7,5.0
homfam,mafft,Rhodanese,71.3,75.8,47.9,54.9,8.0
homfam,mafft,Stap_Strp_toxin,83.7,83.4,49.4,55.7,0.0
homfam,mafft,Sulfotransfer,70.7,77.7,41.9,49.8,37.0
homfam,mafft,TNF,84.1,87.6,66.2,71.7,1.0
homfam,mafft,aadh,80.2,83.8,49.9,55.0,3.0
homfam,mafft,aat,84.3,88.5,56.5,64.0,47.0
homfam,mafft,ace,87.2,89.6,69.4,75.8,78.0
homfam,mafft,adh,98.3,98.5,94.9,95.4,14.0
homfam,mafft,aldosered,88.0,91.1,64.6,72.9,21.0
homfam,mafft,annexin,46.1,72.4,5.0,4.6,0.0
homfam,mafft,asp,85.5,88.6,55.6,60.2,50.0
homfam,mafft,az,75.2,75.5,40.8,36.8,1.0
homfam,mafft,biotin_lipoyl,92.5,92.5,68.2,76.0,1.0
homfam,mafft,blm,97.8,97.7,90.6,92.5,30.0
homfam,mafft,blmb,49.2,67.3,21.1,23.2,29.0
homfam,mafft,bowman,43.6,52.1,20.0,11.6,0.0
homfam,mafft,cah,86.4,88.3,65.3,70.3,3.0
homfam,mafft,cryst,45.9,60.3,0.0,0.0,0.0
homfam,mafft,cyclo,90.8,94.0,78.8,80.9,4.0
homfam,mafft,cys,90.7,92.5,64.9,72.1,12.0
homfam,mafft,cyt3,87.1,87.0,67.8,75.4,2.0
homfam,mafft,cytb,83.6,85.7,63.0,71.7,1.0
homfam,mafft,egf,55.8,70.4,10.3,17.8,0.0
homfam,mafft,flav,86.2,87.6,66.9,69.0,2.0
homfam,mafft,ghf1,90.3,93.2,69.8,77.9,12.0
homfam,mafft,ghf10,95.9,95.9,87.0,90.8,20.0
homfam,mafft,ghf11,93.8,93.8,83.3,85.2,1.0
homfam,mafft,ghf13,57.5,69.6,27.5,36.9,29.0
homfam,mafft,ghf22,95.6,95.9,85.4,88.1,0.0
homfam,mafft,ghf5,62.6,69.9,32.1,45.0,36.0
homfam,mafft,glob,95.4,96.0,49.4,51.6,0.0
homfam,mafft,gluts,77.1,86.5,51.1,53.2,5.0
homfam,mafft,gpdh,94.5,94.7,83.2,87.7,2.0
homfam,mafft,hip,85.3,84.6,63.1,70.7,0.0
homfam,mafft,hla,100.0,100.0,100.0,100.0,3.0
homfam,mafft,hom,91.0,91.7,58.0,70.8,1.0
homfam,mafft,hormone_rec,75.2,74.2,51.6,65.5,8.0
homfam,mafft,hpr,99.5,100.0,98.9,98.8,0.0
homfam,mafft,hr,98.9,99.3,96.2,98.1,0.0
homfam,mafft,icd,93.8,94.7,83.2,86.3,5.0
homfam,mafft,il8,85.6,87.0,48.1,56.0,0.0
homfam,mafft,ins,95.4,95.7,78.3,92.1,1.0
homfam,mafft,int,78.9,85.8,52.5,57.1,11.0
homfam,mafft,kringle,96.5,95.2,80.9,88.2,0.0
homfam,mafft,kunitz,90.5,96.8,60.0,60.8,0.0
homfam,mafft,ldh,88.2,88.9,58.4,68.2,2.0
homfam,mafft,ltn,94.0,94.6,75.9,83.0,6.0
homfam,mafft,lyase_1,77.8,78.6,58.1,60.5,4.0
homfam,mafft,mmp,98.0,98.6,89.3,94.6,9.0
homfam,mafft,mofe,88.6,89.1,76.0,81.3,9.0
homfam,mafft,msb,89.7,90.9,60.0,72.1,6.0
homfam,mafft,myb_DNA-binding,92.2,94.5,75.0,84.2,1.0
homfam,mafft,oxidored_q6,97.5,98.0,92.1,94.2,1.0
homfam,mafft,p450,56.7,71.1,18.0,22.5,89.0
homfam,mafft,peroxidase,76.2,82.5,36.7,38.1,7.0
homfam,mafft,phc,97.6,97.6,91.6,93.8,0.0
homfam,mafft,phoslip,94.6,94.6,70.6,79.7,0.0
homfam,mafft,profilin,92.1,92.2,78.1,80.0,1.0
homfam,mafft,proteasome,81.4,82.1,29.7,37.7,2.0
homfam,mafft,rhv,12.7,29.9,0.0,0.0,10.0
homfam,mafft,ricin,93.6,93.8,79.1,86.6,2.0
homfam,mafft,rnasemam,94.2,91.0,72.4,82.4,0.0
homfam,mafft,rrm,78.3,80.3,11.7,17.3,9.0
homfam,mafft,rub,96.9,98.3,90.7,91.4,0.0
homfam,mafft,rvp,68.6,77.1,36.0,40.6,103.0
homfam,mafft,scorptoxin,91.1,90.1,75.3,82.9,0.0
homfam,mafft,sdr,68.9,79.7,23.0,30.6,73.0
homfam,mafft,seatoxin,73.1,71.5,26.5,25.7,0.0
homfam,mafft,serpin,95.0,95.3,80.9,87.8,21.0
homfam,mafft,slectin,95.5,95.8,91.2,92.3,1.0
homfam,mafft,sodcu,92.1,92.1,79.5,84.0,3.0
homfam,mafft,sodfe,89.1,89.0,60.3,65.1,0.0
homfam,mafft,sti,84.9,84.6,60.3,67.8,1.0
homfam,mafft,subt,72.9,81.7,27.0,32.4,92.0
homfam,mafft,tRNA-synt_2b,51.1,60.9,25.9,35.3,5.0
homfam,mafft,tgfb,90.1,93.5,54.7,65.1,0.0
homfam,mafft,tim,97.7,98.2,91.9,94.7,3.0
homfam,mafft,tms,95.1,95.0,83.2,89.7,4.0
homfam,mafft,toxin,91.4,90.6,50.6,58.2,0.0
homfam,mafft,trfl,37.6,48.1,1.7,0.7,6.0
homfam,mafft,uce,92.9,93.1,60.8,69.7,2.0
homfam,mafft,zf-CCHH,85.3,88.5,45.7,52.7,43.0
homfam,upp,Acetyltransf,50.5,52.0,24.9,32.8,15.0
homfam,upp,Ald_Xan_dh_2,20.5,20.0,13.9,14.7,2.0
homfam,upp,ChtBD,97.3,97.1,90.7,92.3,0.0
homfam,upp,DEATH,75.7,86.4,43.5,59.2,1.0
homfam,upp,DMRL_synthase,91.3,92.7,75.1,83.3,1.0
homfam,upp,GEL,61.2,61.8,29.5,40.1,2.0
homfam,upp,HLH,83.7,89.0,53.6,71.2,2.0
homfam,upp,HMG_box,93.3,95.8,79.0,89.5,1.0
homfam,upp,KAS,39.9,42.3,29.8,30.1,3.0
homfam,upp,LIM,94.7,96.1,80.5,93.9,3.0
homfam,upp,OTCace,57.9,57.7,44.5,42.2,5.0
homfam,upp,PDZ,88.5,92.6,71.7,73.6,5.0
homfam,upp,Rhodanese,62.8,64.8,41.1,52.1,11.0
homfam,upp,Stap_Strp_toxin,40.2,39.5,17.7,19.6,0.0
homfam,upp,Sulfotransfer,48.4,79.1,1.4,0.5,12.0
homfam,upp,TNF,79.1,86.9,55.4,60.4,1.0
homfam,upp,aadh,51.9,52.9,29.5,33.3,5.0
homfam,upp,aat,81.2,81.6,51.0,57.0,41.0
homfam,upp,ace,88.1,90.3,71.8,77.7,29.0
homfam,upp,adh,58.6,58.7,36.0,36.1,11.0
homfam,upp,aldosered,88.1,89.0,64.9,70.9,31.0
homfam,upp,annexin,18.8,28.6,0.0,0.0,1.0
homfam,upp,asp,86.7,92.2,68.2,72.4,15.0
homfam,upp,az,69.6,72.3,29.3,22.9,1.0
homfam,upp,biotin_lipoyl,89.0,91.0,65.9,73.4,3.0
homfam,upp,blm,74.6,80.5,9.4,9.7,25.0
homfam,upp,blmb,67.5,74.4,38.9,47.7,20.0
homfam,upp,bowman,24.1,28.5,0.0,0.0,0.0
homfam,upp,cah,91.5,91.7,76.4,81.2,4.0
homfam,upp,cryst,42.6,49.6,0.0,0.0,1.0
homfam,upp,cyclo,87.1,89.5,70.4,75.3,10.0
homfam,upp,cys,88.4,89.5,59.7,70.5,10.0
homfam,upp,cyt3,85.8,86.0,62.7,71.0,1.0
homfam,upp,cytb,85.7,90.8,67.4,76.7,2.0
homfam,upp,egf,67.3,69.8,23.5,40.8,1.0
homfam,upp,flav,84.9,86.8,51.4,56.4,4.0
homfam,upp,ghf1,88.2,93.1,59.6,65.8,20.0
homfam,upp,ghf10,94.4,94.7,83.6,88.8,6.0
homfam,upp,ghf11,93.7,93.6,82.8,84.6,1.0
homfam,upp,ghf13,59.0,73.3,29.7,40.2,30.0
homfam,upp,ghf22,94.5,94.8,82.3,85.7,1.0
homfam,upp,ghf5,64.2,71.3,35.5,49.1,12.0
homfam,upp,glob,86.5,87.4,44.1,53.6,2.0
homfam,upp,gluts,67.7,68.9,44.2,49.3,5.0
homfam,upp,gpdh,52.3,68.8,38.3,38.8,4.0
homfam,upp,hip,81.3,82.6,51.2,58.9,0.0
homfam,upp,hla,99.7,100.0,99.4,99.4,5.0
homfam,upp,hom,93.3,96.3,65.2,81.1,2.0
homfam,upp,hormone_rec,70.5,74.9,45.2,58.0,7.0
homfam,upp,hpr,98.1,100.0,94.3,95.9,1.0
homfam,upp,hr,96.7,98.8,84.8,94.6,1.0
homfam,upp,icd,92.4,94.3,81.3,84.4,13.0
homfam,upp,il8,89.0,89.4,58.4,69.9,1.0
homfam,upp,ins,97.5,96.3,72.5,94.2,0.0
homfam,upp,int,90.3,93.1,74.3,82.4,11.0
homfam,upp,kringle,87.9,87.8,64.0,71.7,1.0
homfam,upp,kunitz,94.3,98.0,83.3,89.1,1.0
homfam,upp,ldh,56.8,64.7,30.3,34.8,3.0
homfam,upp,ltn,95.4,95.6,77.5,84.4,4.0
homfam,upp,lyase_1,81.4,81.1,63.4,66.5,11.0
homfam,upp,mmp,96.0,97.3,86.4,92.1,5.0
homfam,upp,mofe,83.6,85.6,67.9,75.1,11.0
homfam,upp,msb,79.2,82.7,48.3,60.8,5.0
homfam,upp,myb_DNA-binding,92.8,92.0,75.0,81.4,2.0
homfam,upp,oxidored_q6,49.0,51.0,38.0,39.1,2.0
homfam,upp,p450,77.6,81.1,44.9,57.5,69.0
homfam,upp,peroxidase,80.3,81.4,56.2,62.4,9.0
homfam,upp,phc,28.4,45.7,2.2,0.1,1.0
homfam,upp,phoslip,95.9,95.6,77.2,86.5,1.0
homfam,upp,profilin,92.6,93.6,81.2,82.6,1.0
homfam,upp,proteasome,84.4,81.4,39.3,59.0,5.0
homfam,upp,rhv,11.0,18.1,0.0,0.0,10.0
homfam,upp,ricin,85.3,92.2,66.7,72.2,2.0
homfam,upp,rnasemam,94.6,91.6,74.6,84.5,0.0
homfam,upp,rrm,81.2,81.8,16.2,24.0,7.0
homfam,upp,rub,96.9,99.2,90.7,91.4,0.0
homfam,upp,rvp,78.3,81.2,48.6,54.8,11.0
homfam,upp,scorptoxin,87.9,87.4,68.5,76.1,0.0
homfam,upp,sdr,59.7,61.2,21.5,27.7,37.0
homfam,upp,seatoxin,81.2,80.1,46.9,47.0,0.0
homfam,upp,serpin,95.3,95.5,80.9,88.2,12.0
homfam,upp,slectin,93.7,94.9,86.1,89.2,1.0
homfam,upp,sodcu,83.3,86.7,66.9,70.3,3.0
homfam,upp,sodfe,51.9,51.2,23.4,25.4,2.0
homfam,upp,sti,85.5,85.4,63.6,70.8,1.0
homfam,upp,subt,77.8,82.9,37.8,50.1,28.0
homfam,upp,tRNA-synt_2b,43.5,70.0,19.2,26.9,9.0
homfam,upp,tgfb,84.3,90.7,41.9,46.1,1.0
homfam,upp,tim,97.0,98.5,89.6,94.0,4.0
homfam,upp,tms,94.8,95.6,83.2,89.7,6.0
homfam,upp,toxin,93.6,92.3,62.3,74.2,0.0
homfam,upp,trfl,35.2,41.5,0.3,0.0,3.0
homfam,upp,uce,87.5,88.6,53.6,62.9,4.0
homfam,upp,zf-CCHH,85.7,91.6,54.3,71.2,11.0
homfam,reg,Acetyltransf,51.9,70.2,25.4,31.5,23.0
homfam,reg,Ald_Xan_dh_2,80.5,83.0,61.5,65.8,0.0
homfam,reg,ChtBD,94.9,98.0,88.4,90.8,0.0
homfam,reg,DEATH,64.8,71.6,31.5,42.8,0.0
homfam,reg,DMRL_synthase,90.1,89.1,69.8,79.0,0.0
homfam,reg,GEL,76.3,72.1,42.5,57.2,0.0
homfam,reg,HLH,75.0,96.1,53.6,72.1,0.0
homfam,reg,HMG_box,89.1,94.4,67.9,76.8,0.0
homfam,reg,KAS,85.3,85.6,66.2,72.8,0.0
homfam,reg,LIM,97.7,97.9,86.6,96.5,0.0
homfam,reg,OTCace,93.7,94.0,83.1,85.0,1.0
homfam,reg,PDZ,71.9,84.1,52.5,53.5,2.0
homfam,reg,Rhodanese,56.3,78.6,35.9,31.1,3.0
homfam,reg,Stap_Strp_toxin,81.3,80.5,50.6,53.7,0.0
homfam,reg,Sulfotransfer,51.0,67.7,25.7,31.7,4.0
homfam,reg,TNF,89.8,92.8,73.2,77.7,0.0
homfam,reg,aadh,82.8,84.8,53.5,57.4,1.0
homfam,reg,aat,80.0,86.8,43.9,49.1,27.0
homfam,reg,ace,82.6,89.7,65.2,69.5,11.0
homfam,reg,adh,98.4,98.4,96.0,96.5,6.0
homfam,reg,aldosered,92.5,94.7,71.4,76.4,12.0
homfam,reg,annexin,83.5,91.6,50.6,51.0,0.0
homfam,reg,asp,81.1,90.6,50.0,50.8,4.0
homfam,reg,az,72.6,73.0,35.3,35.4,0.0
homfam,reg,biotin_lipoyl,93.5,92.9,72.9,75.9,1.0
homfam,reg,blm,95.5,97.5,85.0,88.4,16.0
homfam,reg,blmb,44.5,69.3,12.7,15.5,17.0
homfam,reg,bowman,93.6,93.6,80.0,84.3,0.0
homfam,reg,cah,74.1,84.3,53.1,57.7,0.0
homfam,reg,cryst,30.8,54.9,0.0,0.0,0.0
homfam,reg,cyclo,88.7,89.3,73.0,77.0,2.0
homfam,reg,cys,87.3,89.4,60.1,68.3,2.0
homfam,reg,cyt3,85.0,86.3,64.4,71.8,0.0
homfam,reg,cytb,81.3,92.3,65.2,73.8,0.0
homfam,reg,egf,75.5,80.7,29.4,48.3,0.0
homfam,reg,flav,74.2,78.1,37.1,35.5,1.0
homfam,reg,ghf1,88.6,91.8,65.8,76.0,4.0
homfam,reg,ghf10,92.0,94.1,80.5,85.4,1.0
homfam,reg,ghf11,92.4,93.1,80.7,82.8,0.0
homfam,reg,ghf13,59.9,64.8,23.1,29.7,12.0
homfam,reg,ghf22,96.6,96.9,86.2,89.3,0.0
homfam,reg,ghf5,51.4,71.7,24.7,35.3,4.0
homfam,reg,glob,95.2,96.2,52.4,56.1,0.0
homfam,reg,gluts,90.7,91.3,70.0,77.2,3.0
homfam,reg,gpdh,94.9,94.9,84.4,88.3,1.0
homfam,reg,hip,86.0,85.6,61.9,71.8,0.0
homfam,reg,hla,100.0,100.0,100.0,100.0,2.0
homfam,reg,hom,92.4,94.0,69.6,83.8,1.0
homfam,reg,hormone_rec,78.6,77.6,49.8,63.1,2.0
homfam,reg,hpr,98.4,98.6,94.3,95.8,0.0
homfam,reg,hr,99.3,99.3,97.5,98.4,0.0
homfam,reg,icd,92.2,94.1,80.7,84.0,3.0
homfam,reg,il8,92.7,92.9,68.8,78.7,0.0
homfam,reg,ins,88.9,98.8,71.0,82.2,0.0
homfam,reg,int,84.5,89.9,68.8,74.8,5.0
homfam,reg,kringle,93.5,92.1,74.2,80.5,0.0
homfam,reg,kunitz,81.5,92.9,60.0,60.8,0.0
homfam,reg,ldh,90.3,90.5,65.1,75.5,1.0
homfam,reg,ltn,91.1,93.7,67.2,75.8,0.0
homfam,reg,lyase_1,80.7,82.8,61.2,65.1,4.0
homfam,reg,mmp,94.2,97.2,84.6,86.0,0.0
homfam,reg,mofe,90.1,90.3,76.0,82.7,2.0
homfam,reg,msb,76.2,88.1,44.1,55.2,1.0
homfam,reg,myb_DNA-binding,83.6,91.9,62.5,70.1,1.0
homfam,reg,oxidored_q6,98.4,98.4,94.4,95.9,0.0
homfam,reg,p450,71.7,78.3,34.7,43.7,48.0
homfam,reg,peroxidase,88.3,89.8,65.9,70.5,2.0
homfam,reg,phc,96.8,97.7,83.2,89.0,0.0
homfam,reg,phoslip,93.7,94.2,71.3,80.5,0.0
homfam,reg,profilin,88.9,92.9,76.6,78.1,0.0
homfam,reg,proteasome,85.1,82.2,41.4,55.6,1.0
homfam,reg,rhv,76.5,80.4,47.2,56.5,3.0
homfam,reg,ricin,92.6,93.0,77.7,84.9,0.0
homfam,reg,rnasemam,93.7,91.9,71.6,82.9,0.0
homfam,reg,rrm,68.6,77.0,18.0,26.6,5.0
homfam,reg,rub,91.2,97.0,79.6,80.0,0.0
homfam,reg,rvp,74.5,78.4,51.4,56.2,16.0
homfam,reg,scorptoxin,89.5,89.5,72.6,78.7,0.0
homfam,reg,sdr,72.2,76.4,25.9,35.3,38.0
homfam,reg,seatoxin,81.2,79.6,46.9,47.0,0.0
homfam,reg,serpin,88.7,95.1,67.3,73.6,5.0
homfam,reg,slectin,87.7,91.9,72.3,76.3,0.0
homfam,reg,sodcu,93.0,95.5,81.3,85.5,0.0
homfam,reg,sodfe,89.6,89.7,61.7,67.0,0.0
homfam,reg,sti,75.3,79.9,46.2,52.4,0.0
homfam,reg,subt,67.7,81.6,33.4,34.1,26.0
homfam,reg,tRNA-synt_2b,55.6,60.0,28.8,39.8,4.0
homfam,reg,tgfb,90.4,92.2,61.5,71.4,0.0
homfam,reg,tim,96.0,98.3,88.8,91.9,1.0
homfam,reg,tms,93.6,95.6,80.7,87.0,1.0
homfam,reg,toxin,91.1,90.6,51.9,60.4,0.0
homfam,reg,trfl,96.4,97.1,91.6,92.6,0.0
homfam,reg,uce,88.4,90.5,48.8,57.8,1.0
homfam,reg,zf-CCHH,79.1,94.2,34.3,45.0,11.0
homfam,MAGUS,Acetyltransf,51.9,85.9,29.1,32.0,218.0
homfam,MAGUS,Ald_Xan_dh_2,42.2,87.1,14.8,13.4,0.0
homfam,MAGUS,ChtBD,95.4,96.3,88.4,89.9,0.0
homfam,MAGUS,DEATH,73.7,84.3,41.1,55.9,0.0
homfam,MAGUS,DMRL_synthase,87.6,89.5,67.5,77.5,0.0
homfam,MAGUS,GEL,58.2,74.0,32.2,44.1,0.0
homfam,MAGUS,HLH,76.1,96.9,53.6,71.2,0.0
homfam,MAGUS,HMG_box,94.2,96.8,79.0,89.5,0.0
homfam,MAGUS,KAS,67.8,93.1,48.8,47.6,0.0
homfam,MAGUS,LIM,94.4,98.8,74.4,90.8,0.0
homfam,MAGUS,OTCace,47.4,97.3,46.9,45.5,0.0
homfam,MAGUS,PDZ,82.4,89.9,60.6,62.7,5.0
homfam,MAGUS,Rhodanese,69.0,81.5,49.5,49.5,8.0
homfam,MAGUS,Stap_Strp_toxin,75.6,76.9,39.9,43.9,0.0
homfam,MAGUS,Sulfotransfer,66.4,88.4,35.8,43.2,5.0
homfam,MAGUS,TNF,85.3,92.7,70.7,76.0,0.0
homfam,MAGUS,aadh,67.8,91.5,37.0,40.8,1.0
homfam,MAGUS,aat,81.2,89.2,53.9,60.6,162.0
homfam,MAGUS,ace,89.1,91.9,73.5,79.0,17.0
homfam,MAGUS,adh,98.7,98.7,97.1,97.4,20.0
homfam,MAGUS,aldosered,89.1,96.8,71.4,77.5,26.0
homfam,MAGUS,annexin,100.0,100.0,100.0,100.0,0.0
homfam,MAGUS,asp,88.3,95.2,69.3,75.4,6.0
homfam,MAGUS,az,74.0,81.0,20.7,34.0,0.0
homfam,MAGUS,biotin_lipoyl,89.3,95.9,72.9,79.5,1.0
homfam,MAGUS,blm,94.3,97.0,83.9,87.0,28.0
homfam,MAGUS,blmb,63.5,84.0,34.5,44.9,44.0
homfam,MAGUS,bowman,50.6,63.7,17.1,9.6,0.0
homfam,MAGUS,cah,90.8,92.2,74.5,79.1,1.0
homfam,MAGUS,cryst,40.8,66.6,0.0,0.0,0.0
homfam,MAGUS,cyclo,87.8,93.1,73.0,77.8,2.0
homfam,MAGUS,cys,92.9,97.0,73.1,81.8,3.0
homfam,MAGUS,cyt3,85.9,85.3,62.7,71.3,0.0
homfam,MAGUS,cytb,88.8,93.5,68.5,76.8,0.0
homfam,MAGUS,egf,77.7,88.7,39.7,57.7,0.0
homfam,MAGUS,flav,82.2,87.3,57.7,61.2,1.0
homfam,MAGUS,ghf1,88.5,94.6,69.6,77.7,6.0
homfam,MAGUS,ghf10,92.7,95.6,80.2,85.9,1.0
homfam,MAGUS,ghf11,91.5,93.1,79.7,81.5,0.0
homfam,MAGUS,ghf13,53.0,84.3,31.6,34.6,23.0
homfam,MAGUS,ghf22,93.8,95.0,77.7,80.9,0.0
homfam,MAGUS,ghf5,48.7,68.6,20.3,28.1,7.0
homfam,MAGUS,glob,78.5,96.3,43.5,52.7,0.0
homfam,MAGUS,gluts,66.1,93.4,37.3,38.6,3.0
homfam,MAGUS,gpdh,48.4,95.7,40.2,39.5,1.0
homfam,MAGUS,hip,76.1,80.0,51.2,58.2,0.0
homfam,MAGUS,hla,100.0,100.0,100.0,100.0,3.0
homfam,MAGUS,hom,93.8,98.2,73.9,89.7,0.0
homfam,MAGUS,hormone_rec,73.5,80.5,49.5,63.1,1.0
homfam,MAGUS,hpr,97.6,100.0,95.5,97.1,0.0
homfam,MAGUS,hr,97.1,99.4,87.3,96.3,0.0
homfam,MAGUS,icd,93.1,94.9,81.3,84.6,3.0
homfam,MAGUS,il8,89.5,90.7,58.4,69.9,0.0
homfam,MAGUS,ins,88.2,97.1,63.8,80.7,0.0
homfam,MAGUS,int,87.6,92.5,70.3,77.2,6.0
homfam,MAGUS,kringle,94.1,94.2,74.2,84.4,0.0
homfam,MAGUS,kunitz,93.8,96.8,73.3,78.4,0.0
homfam,MAGUS,ldh,49.5,91.8,32.7,36.6,1.0
homfam,MAGUS,ltn,92.9,95.2,69.2,77.8,1.0
homfam,MAGUS,lyase_1,64.5,88.9,54.9,53.0,4.0
homfam,MAGUS,mmp,94.8,98.2,85.8,91.2,2.0
homfam,MAGUS,mofe,85.2,95.2,73.0,78.7,3.0
homfam,MAGUS,msb,80.0,92.0,50.3,64.6,1.0
homfam,MAGUS,myb_DNA-binding,90.6,95.8,75.0,84.2,0.0
homfam,MAGUS,oxidored_q6,98.7,98.8,95.5,96.5,0.0
homfam,MAGUS,p450,74.9,80.9,32.9,41.4,194.0
homfam,MAGUS,peroxidase,86.8,93.4,65.6,67.8,3.0
homfam,MAGUS,phc,94.4,96.5,84.4,87.1,0.0
homfam,MAGUS,phoslip,94.8,95.1,72.8,82.7,0.0
homfam,MAGUS,profilin,92.4,94.4,82.0,83.8,0.0
homfam,MAGUS,proteasome,81.9,89.4,39.7,59.2,1.0
homfam,MAGUS,rhv,33.7,70.2,5.6,1.0,7.0
homfam,MAGUS,ricin,91.0,93.8,74.7,81.9,0.0
homfam,MAGUS,rnasemam,95.8,92.6,74.6,85.3,0.0
homfam,MAGUS,rrm,76.9,88.2,20.7,30.6,15.0
homfam,MAGUS,rub,94.9,98.3,83.3,86.9,0.0
homfam,MAGUS,rvp,81.3,83.2,54.1,57.6,145.0
homfam,MAGUS,scorptoxin,92.4,95.2,76.7,84.9,0.0
homfam,MAGUS,sdr,61.8,88.7,29.3,40.0,490.0
homfam,MAGUS,seatoxin,79.4,78.5,49.0,50.0,0.0
homfam,MAGUS,serpin,93.0,95.2,76.9,83.7,4.0
homfam,MAGUS,slectin,91.8,96.2,83.9,87.1,0.0
homfam,MAGUS,sodcu,92.2,95.5,75.3,80.7,0.0
homfam,MAGUS,sodfe,38.2,87.2,22.5,23.8,0.0
homfam,MAGUS,sti,81.5,85.0,58.2,65.5,0.0
homfam,MAGUS,subt,71.1,86.1,34.2,38.4,38.0
homfam,MAGUS,tRNA-synt_2b,49.3,78.4,27.9,39.3,6.0
homfam,MAGUS,tgfb,90.6,92.4,60.7,71.6,0.0
homfam,MAGUS,tim,96.0,98.5,88.8,92.8,1.0
homfam,MAGUS,tms,95.8,97.1,85.3,91.7,1.0
homfam,MAGUS,toxin,91.2,91.4,50.6,60.2,0.0
homfam,MAGUS,trfl,80.4,96.9,44.1,68.8,1.0
homfam,MAGUS,uce,89.0,94.5,57.8,67.1,1.0
homfam,MAGUS,zf-CCHH,81.3,91.9,54.3,71.2,43.0
balifam100,learnMSA_1.1,PF00009.100,74.9,72.4,28.3,37.7,3.0
balifam100,learnMSA_1.1,PF00018.100,84.1,85.2,2.3,0.0,2.0
balifam100,learnMSA_1.1,PF00037.100,93.5,93.6,75.9,81.4,1.0
balifam100,learnMSA_1.1,PF00046.100,99.5,99.5,97.9,97.9,2.0
balifam100,learnMSA_1.1,PF00048.100,86.4,86.8,0.0,0.0,2.0
balifam100,learnMSA_1.1,PF00051.100,86.7,88.3,73.5,75.8,2.0
balifam100,learnMSA_1.1,PF00077.100,77.8,79.1,56.1,59.5,2.0
balifam100,learnMSA_1.1,PF00078.100,93.7,94.5,82.9,84.1,3.0
balifam100,learnMSA_1.1,PF00079.100,88.7,89.8,75.4,79.2,5.0
balifam100,learnMSA_1.1,PF00084.100,88.6,88.6,74.6,78.0,2.0
balifam100,learnMSA_1.1,PF00127.100,70.8,73.0,32.5,40.3,2.0
balifam100,learnMSA_1.1,PF00139.100,84.5,86.3,71.8,75.1,3.0
balifam100,learnMSA_1.1,PF00142.100,1.5,1.9,0.0,0.0,4.0
balifam100,learnMSA_1.1,PF00150.100,52.9,53.4,5.4,9.4,4.0
balifam100,learnMSA_1.1,PF00155.100,59.3,58.0,3.8,6.2,4.0
balifam100,learnMSA_1.1,PF00194.100,81.2,81.2,43.0,50.0,3.0
balifam100,learnMSA_1.1,PF00202.100,59.8,58.5,3.9,3.8,4.0
balifam100,learnMSA_1.1,PF00218.100,86.7,87.1,51.3,56.0,3.0
balifam100,learnMSA_1.1,PF00224.100,92.7,93.1,65.7,71.4,4.0
balifam100,learnMSA_1.1,PF00232.100,89.1,88.9,69.7,78.7,6.0
balifam100,learnMSA_1.1,PF00313.100,82.0,83.5,55.4,55.1,2.0
balifam100,learnMSA_1.1,PF00343.100,92.8,92.9,85.8,86.8,7.0
balifam100,learnMSA_1.1,PF00405.100,80.1,91.1,22.0,23.1,4.0
balifam100,learnMSA_1.1,PF00450.100,80.9,81.1,45.7,57.3,5.0
balifam100,learnMSA_1.1,PF00476.100,95.1,94.8,81.3,85.4,5.0
balifam100,learnMSA_1.1,PF00505.100,97.0,97.1,81.4,84.3,2.0
balifam100,learnMSA_1.1,PF00538.100,86.7,88.8,0.0,0.0,2.0
balifam100,learnMSA_1.1,PF00625.100,68.7,66.0,8.0,12.5,2.0
balifam100,learnMSA_1.1,PF00687.100,77.1,78.2,56.9,56.6,3.0
balifam100,learnMSA_1.1,PF00867.100,67.8,67.7,13.0,14.4,2.0
balifam100,learnMSA_1.1,PF00868.100,86.1,86.9,57.3,58.9,2.0
balifam100,learnMSA_1.1,PF00970.100,69.9,70.2,18.4,21.2,2.0
balifam100,learnMSA_1.1,PF01355.100,89.0,89.7,75.0,79.7,2.0
balifam100,learnMSA_1.1,PF01371.100,28.6,53.2,0.0,0.0,2.0
balifam100,learnMSA_1.1,PF01381.100,82.2,82.8,53.3,54.5,2.0
balifam100,learnMSA_1.1,PF01814.100,85.9,87.5,69.0,78.4,2.0
balifam100,learnMSA_1.1,PF02085.100,61.5,63.7,29.6,35.3,2.0
balifam100,learnMSA_1.1,PF02223.100,87.8,87.1,5.0,6.7,3.0
balifam100,learnMSA_1.1,PF02777.100,90.6,93.9,69.3,71.3,2.0
balifam100,learnMSA_1.1,PF02836.100,91.3,91.8,74.2,84.8,4.0
balifam100,learnMSA_1.1,PF02868.100,79.2,79.1,55.6,61.6,3.0
balifam100,learnMSA_1.1,PF02878.100,74.0,76.0,53.3,56.8,2.0
balifam100,learnMSA_1.1,PF03129.100,97.8,97.8,57.1,63.8,2.0
balifam100,learnMSA_1.1,PF04082.100,58.3,60.9,36.8,44.3,4.0
balifam100,learnMSA_1.1,PF04908.100,49.0,49.7,10.2,14.9,2.0
balifam100,learnMSA_1.1,PF05746.100,86.7,87.1,67.9,77.1,2.0
balifam100,learnMSA_1.1,PF07654.100,86.3,87.0,70.2,72.2,2.0
balifam100,learnMSA_1.1,PF07679.100,76.0,76.5,24.0,29.7,2.0
balifam100,learnMSA_1.1,PF07686.100,89.2,89.4,15.9,18.0,2.0
balifam100,learnMSA_1.1,PF09011.100,96.3,96.3,81.7,85.1,2.0
balifam100,learnMSA_1.1,PF09173.100,40.8,79.7,0.0,0.0,2.0
balifam100,learnMSA_1.1,PF11427.100,47.2,47.6,0.0,0.0,2.0
balifam100,learnMSA_1.1,PF13365.100,85.2,86.0,6.5,6.1,2.0
balifam100,learnMSA_1.1,PF13378.100,79.6,80.5,0.9,0.4,3.0
balifam100,learnMSA_1.1,PF13393.100,54.1,65.1,9.6,14.3,4.0
balifam100,learnMSA_1.1,PF13522.100,73.6,74.6,22.5,28.8,2.0
balifam100,learnMSA_1.1,PF13561.100,78.2,78.2,4.2,6.0,3.0
balifam100,learnMSA_1.1,PF14497.100,82.5,83.0,37.2,44.4,2.0
balifam100,learnMSA_1.1,PF14604.100,69.2,70.6,14.3,18.5,2.0
balifam100,learnMSA_paper,PF00009.100,78.7,78.7,27.6,42.3,6.0
balifam100,learnMSA_paper,PF00018.100,83.7,86.1,0.0,0.0,2.0
balifam100,learnMSA_paper,PF00037.100,93.5,93.6,75.9,81.4,1.0
balifam100,learnMSA_paper,PF00046.100,100.0,100.0,100.0,100.0,2.0
balifam100,learnMSA_paper,PF00048.100,83.5,89.3,0.0,0.0,2.0
balifam100,learnMSA_paper,PF00051.100,81.7,86.1,68.7,70.7,3.0
balifam100,learnMSA_paper,PF00077.100,68.5,68.5,35.7,37.9,3.0
balifam100,learnMSA_paper,PF00078.100,94.4,94.4,84.1,85.5,6.0
balifam100,learnMSA_paper,PF00079.100,94.1,94.0,84.9,87.7,12.0
balifam100,learnMSA_paper,PF00084.100,86.1,86.1,74.6,78.0,2.0
balifam100,learnMSA_paper,PF00127.100,79.3,80.9,31.7,36.0,3.0
balifam100,learnMSA_paper,PF00139.100,86.1,86.8,73.1,76.6,6.0
balifam100,learnMSA_paper,PF00142.100,6.1,10.9,0.0,0.0,7.0
balifam100,learnMSA_paper,PF00150.100,53.9,52.1,7.8,13.3,8.0
balifam100,learnMSA_paper,PF00155.100,62.7,61.2,5.9,7.6,8.0
balifam100,learnMSA_paper,PF00194.100,83.1,85.4,44.9,51.9,6.0
balifam100,learnMSA_paper,PF00202.100,61.1,59.5,3.6,3.8,9.0
balifam100,learnMSA_paper,PF00218.100,86.1,86.7,54.3,59.1,6.0
balifam100,learnMSA_paper,PF00224.100,91.7,92.1,65.3,70.6,9.0
balifam100,learnMSA_paper,PF00232.100,79.6,79.7,57.1,64.1,10.0
balifam100,learnMSA_paper,PF00313.100,80.2,81.6,49.2,49.5,2.0
balifam100,learnMSA_paper,PF00343.100,46.2,86.0,0.3,0.1,17.0
balifam100,learnMSA_paper,PF00405.100,90.0,90.9,67.5,71.0,7.0
balifam100,learnMSA_paper,PF00450.100,65.7,63.8,37.0,47.6,11.0
balifam100,learnMSA_paper,PF00476.100,94.7,94.2,79.3,83.1,12.0
balifam100,learnMSA_paper,PF00505.100,96.4,96.5,77.1,79.9,2.0
balifam100,learnMSA_paper,PF00538.100,89.2,89.5,18.3,20.0,2.0
balifam100,learnMSA_paper,PF00625.100,70.5,66.9,6.1,9.6,4.0
balifam100,learnMSA_paper,PF00687.100,76.9,78.2,56.3,55.9,6.0
balifam100,learnMSA_paper,PF00867.100,64.1,64.3,11.1,14.3,3.0
balifam100,learnMSA_paper,PF00868.100,89.3,90.2,62.9,66.3,4.0
balifam100,learnMSA_paper,PF00970.100,47.8,64.8,1.7,2.0,4.0
balifam100,learnMSA_paper,PF01355.100,91.8,92.4,75.0,79.7,2.0
balifam100,learnMSA_paper,PF01371.100,22.2,44.6,0.0,0.0,2.0
balifam100,learnMSA_paper,PF01381.100,74.4,75.7,45.0,45.7,2.0
balifam100,learnMSA_paper,PF01814.100,87.2,87.6,66.4,75.4,4.0
balifam100,learnMSA_paper,PF02085.100,65.2,68.4,35.7,42.3,3.0
balifam100,learnMSA_paper,PF02223.100,88.6,87.9,8.4,11.1,4.0
balifam100,learnMSA_paper,PF02777.100,91.2,95.1,66.3,68.4,3.0
balifam100,learnMSA_paper,PF02836.100,92.6,92.6,76.4,88.6,7.0
balifam100,learnMSA_paper,PF02868.100,76.2,76.3,52.5,57.3,4.0
balifam100,learnMSA_paper,PF02878.100,79.6,81.2,61.5,65.6,4.0
balifam100,learnMSA_paper,PF03129.100,98.1,98.1,63.3,69.4,3.0
balifam100,learnMSA_paper,PF04082.100,45.0,47.1,29.1,35.1,8.0
balifam100,learnMSA_paper,PF04908.100,46.5,46.9,8.5,12.4,2.0
balifam100,learnMSA_paper,PF05746.100,83.1,82.9,57.3,65.0,3.0
balifam100,learnMSA_paper,PF07654.100,72.4,74.4,46.4,47.8,3.0
balifam100,learnMSA_paper,PF07679.100,86.2,86.0,62.0,69.7,3.0
balifam100,learnMSA_paper,PF07686.100,90.3,90.4,18.7,21.2,3.0
balifam100,learnMSA_paper,PF09011.100,95.9,95.9,80.0,83.3,2.0
balifam100,learnMSA_paper,PF09173.100,42.4,47.9,0.0,0.0,3.0
balifam100,learnMSA_paper,PF11427.100,24.3,24.8,0.0,0.0,2.0
balifam100,learnMSA_paper,PF13365.100,70.4,73.5,0.5,0.0,4.0
balifam100,learnMSA_paper,PF13378.100,84.0,85.4,19.3,23.2,4.0
balifam100,learnMSA_paper,PF13393.100,56.3,56.8,15.7,24.2,8.0
balifam100,learnMSA_paper,PF13522.100,73.0,73.1,24.8,31.8,4.0
balifam100,learnMSA_paper,PF13561.100,79.3,79.1,10.7,14.7,5.0
balifam100,learnMSA_paper,PF14497.100,81.3,82.7,38.9,46.5,3.0
balifam100,learnMSA_paper,PF14604.100,71.1,73.7,15.9,20.6,2.0
balifam100,clustalo,PF00009.100,82.8,84.3,38.7,43.7,0.0
balifam100,clustalo,PF00018.100,67.1,74.2,0.0,0.0,0.0
balifam100,clustalo,PF00037.100,92.4,92.4,65.5,83.9,0.0
balifam100,clustalo,PF00046.100,99.5,99.9,97.9,97.9,0.0
balifam100,clustalo,PF00048.100,84.6,86.8,0.0,0.0,0.0
balifam100,clustalo,PF00051.100,81.8,84.7,66.3,69.3,0.0
balifam100,clustalo,PF00077.100,83.8,85.9,60.2,63.9,0.0
balifam100,clustalo,PF00078.100,78.4,88.6,39.4,40.1,0.0
balifam100,clustalo,PF00079.100,89.8,91.4,78.8,81.8,0.0
balifam100,clustalo,PF00084.100,76.5,77.9,55.9,58.7,0.0
balifam100,clustalo,PF00127.100,82.1,85.9,38.3,48.2,0.0
balifam100,clustalo,PF00139.100,90.2,90.8,78.2,81.5,0.0
balifam100,clustalo,PF00142.100,44.6,49.5,2.0,5.0,0.0
balifam100,clustalo,PF00150.100,46.8,53.1,3.5,5.9,0.0
balifam100,clustalo,PF00155.100,57.9,62.2,10.9,13.9,0.0
balifam100,clustalo,PF00194.100,81.3,84.1,43.8,50.5,0.0
balifam100,clustalo,PF00202.100,59.1,61.0,7.3,10.9,0.0
balifam100,clustalo,PF00218.100,85.4,87.3,54.0,58.9,0.0
balifam100,clustalo,PF00224.100,91.4,92.2,68.5,73.8,0.0
balifam100,clustalo,PF00232.100,86.7,88.3,64.4,72.5,0.0
balifam100,clustalo,PF00313.100,78.3,80.3,53.8,54.2,0.0
balifam100,clustalo,PF00343.100,95.0,95.4,90.6,91.3,0.0
balifam100,clustalo,PF00405.100,84.2,86.3,38.2,40.2,0.0
balifam100,clustalo,PF00450.100,79.0,84.0,42.4,53.2,0.0
balifam100,clustalo,PF00476.100,95.0,94.6,79.5,83.5,0.0
balifam100,clustalo,PF00505.100,96.1,96.6,82.9,85.4,0.0
balifam100,clustalo,PF00538.100,82.2,85.9,0.0,0.0,0.0
balifam100,clustalo,PF00625.100,66.4,67.0,14.4,19.1,0.0
balifam100,clustalo,PF00687.100,94.6,94.6,83.2,83.8,0.0
balifam100,clustalo,PF00867.100,73.7,76.5,21.3,21.9,0.0
balifam100,clustalo,PF00868.100,91.0,94.1,66.1,70.3,0.0
balifam100,clustalo,PF00970.100,87.7,91.8,22.4,24.9,0.0
balifam100,clustalo,PF01355.100,91.7,92.4,77.9,81.8,0.0
balifam100,clustalo,PF01371.100,50.8,57.5,0.0,0.0,0.0
balifam100,clustalo,PF01381.100,75.3,80.7,46.7,46.3,0.0
balifam100,clustalo,PF01814.100,91.6,92.9,73.3,82.5,0.0
balifam100,clustalo,PF02085.100,69.6,74.8,35.7,39.6,0.0
balifam100,clustalo,PF02223.100,83.9,87.9,7.6,9.9,0.0
balifam100,clustalo,PF02777.100,91.6,94.2,74.3,76.6,0.0
balifam100,clustalo,PF02836.100,92.3,92.2,76.4,89.0,0.0
balifam100,clustalo,PF02868.100,81.6,84.1,60.6,65.8,0.0
balifam100,clustalo,PF02878.100,79.9,81.7,60.7,65.2,0.0
balifam100,clustalo,PF03129.100,95.0,95.8,50.0,55.8,0.0
balifam100,clustalo,PF04082.100,35.7,45.2,11.9,14.3,0.0
balifam100,clustalo,PF04908.100,68.9,75.2,16.1,22.3,0.0
balifam100,clustalo,PF05746.100,84.4,86.6,51.1,58.1,0.0
balifam100,clustalo,PF07654.100,79.8,82.8,61.9,63.7,0.0
balifam100,clustalo,PF07679.100,70.4,71.9,38.0,46.1,0.0
balifam100,clustalo,PF07686.100,91.5,93.6,26.2,29.7,0.0
balifam100,clustalo,PF09011.100,94.1,94.6,63.3,64.2,0.0
balifam100,clustalo,PF09173.100,48.9,57.4,2.0,0.5,0.0
balifam100,clustalo,PF11427.100,26.5,33.7,0.0,0.0,0.0
balifam100,clustalo,PF13365.100,85.6,88.0,7.9,9.7,0.0
balifam100,clustalo,PF13378.100,87.3,88.7,33.0,37.9,0.0
balifam100,clustalo,PF13393.100,65.9,72.8,24.1,25.2,0.0
balifam100,clustalo,PF13522.100,89.7,90.5,33.3,42.1,0.0
balifam100,clustalo,PF13561.100,76.5,81.7,24.7,31.3,0.0
balifam100,clustalo,PF14497.100,83.4,88.3,12.4,14.7,0.0
balifam100,clustalo,PF14604.100,76.4,81.6,12.7,16.5,0.0
balifam100,mafft,PF00009.100,84.5,84.6,35.8,44.1,0.0
balifam100,mafft,PF00018.100,88.5,90.4,14.0,17.1,0.0
balifam100,mafft,PF00037.100,94.8,94.8,69.0,88.3,0.0
balifam100,mafft,PF00046.100,98.1,99.1,91.7,91.7,0.0
balifam100,mafft,PF00048.100,87.2,90.5,5.4,6.4,0.0
balifam100,mafft,PF00051.100,85.5,86.9,72.3,75.7,0.0
balifam100,mafft,PF00077.100,85.1,87.5,65.3,69.3,0.0
balifam100,mafft,PF00078.100,96.6,97.2,88.2,89.7,0.0
balifam100,mafft,PF00079.100,92.5,92.8,83.4,85.5,0.0
balifam100,mafft,PF00084.100,85.8,85.6,72.9,77.7,0.0
balifam100,mafft,PF00127.100,79.4,82.1,55.8,59.2,0.0
balifam100,mafft,PF00139.100,92.6,92.8,80.8,85.5,0.0
balifam100,mafft,PF00142.100,46.4,47.7,9.8,13.9,0.0
balifam100,mafft,PF00150.100,61.9,67.1,12.7,21.3,0.0
balifam100,mafft,PF00155.100,63.1,64.9,9.7,14.1,3.0
balifam100,mafft,PF00194.100,83.4,83.6,47.4,54.3,0.0
balifam100,mafft,PF00202.100,61.3,61.7,7.3,10.9,1.0
balifam100,mafft,PF00218.100,90.0,90.4,59.6,65.0,0.0
balifam100,mafft,PF00224.100,93.2,92.9,72.2,77.4,0.0
balifam100,mafft,PF00232.100,90.5,90.9,72.0,80.7,0.0
balifam100,mafft,PF00313.100,81.4,82.8,52.3,52.6,0.0
balifam100,mafft,PF00343.100,95.9,96.2,91.6,92.4,0.0
balifam100,mafft,PF00405.100,92.5,92.6,64.2,67.5,0.0
balifam100,mafft,PF00450.100,83.0,84.4,49.3,61.5,0.0
balifam100,mafft,PF00476.100,95.7,95.2,81.6,85.6,0.0
balifam100,mafft,PF00505.100,96.8,96.8,84.3,87.3,0.0
balifam100,mafft,PF00538.100,86.5,89.3,0.0,0.0,0.0
balifam100,mafft,PF00625.100,66.5,65.6,17.0,24.5,0.0
balifam100,mafft,PF00687.100,94.7,94.7,80.2,81.2,0.0
balifam100,mafft,PF00867.100,82.6,82.5,25.9,29.1,0.0
balifam100,mafft,PF00868.100,90.5,91.2,65.3,68.1,0.0
balifam100,mafft,PF00970.100,91.6,92.9,36.8,41.1,0.0
balifam100,mafft,PF01355.100,90.7,90.7,76.5,82.2,0.0
balifam100,mafft,PF01371.100,55.3,71.3,1.7,0.4,0.0
balifam100,mafft,PF01381.100,69.7,72.7,43.3,44.6,0.0
balifam100,mafft,PF01814.100,90.7,91.3,75.0,83.7,0.0
balifam100,mafft,PF02085.100,75.5,77.7,47.8,52.7,0.0
balifam100,mafft,PF02223.100,89.9,90.4,6.7,7.2,0.0
balifam100,mafft,PF02777.100,93.2,93.6,77.2,79.2,0.0
balifam100,mafft,PF02836.100,92.4,92.0,77.3,88.7,0.0
balifam100,mafft,PF02868.100,80.0,81.2,57.5,62.6,0.0
balifam100,mafft,PF02878.100,75.4,76.5,54.1,57.6,0.0
balifam100,mafft,PF03129.100,96.2,96.5,52.0,57.0,0.0
balifam100,mafft,PF04082.100,56.1,62.3,31.8,37.9,1.0
balifam100,mafft,PF04908.100,70.3,73.6,22.9,21.8,0.0
balifam100,mafft,PF05746.100,86.4,86.9,65.6,74.5,0.0
balifam100,mafft,PF07654.100,88.4,89.5,75.0,77.1,0.0
balifam100,mafft,PF07679.100,81.3,84.1,49.0,59.8,0.0
balifam100,mafft,PF07686.100,93.6,94.9,39.3,44.4,0.0
balifam100,mafft,PF09011.100,98.4,98.9,85.0,85.4,0.0
balifam100,mafft,PF09173.100,50.0,58.9,3.0,1.5,0.0
balifam100,mafft,PF11427.100,51.0,58.7,0.0,0.0,0.0
balifam100,mafft,PF13365.100,89.5,90.6,14.5,18.2,0.0
balifam100,mafft,PF13378.100,87.9,89.9,33.0,37.2,0.0
balifam100,mafft,PF13393.100,85.4,86.1,40.3,53.3,0.0
balifam100,mafft,PF13522.100,86.7,87.3,31.8,40.2,0.0
balifam100,mafft,PF13561.100,80.1,82.4,27.6,36.2,0.0
balifam100,mafft,PF14497.100,85.6,88.7,38.9,46.3,0.0
balifam100,mafft,PF14604.100,74.6,77.5,27.0,35.0,0.0
balifam100,upp,PF00009.100,80.8,81.0,38.4,46.3,0.0
balifam100,upp,PF00018.100,83.3,90.6,7.0,5.2,0.0
balifam100,upp,PF00037.100,92.8,92.8,65.5,83.9,0.0
balifam100,upp,PF00046.100,99.5,99.5,97.9,97.9,0.0
balifam100,upp,PF00048.100,87.4,88.7,0.0,0.0,0.0
balifam100,upp,PF00051.100,84.8,86.3,73.5,75.8,0.0
balifam100,upp,PF00077.100,77.1,77.4,49.0,51.0,0.0
balifam100,upp,PF00078.100,97.2,97.2,90.6,92.1,0.0
balifam100,upp,PF00079.100,90.3,91.1,75.7,78.5,0.0
balifam100,upp,PF00084.100,86.4,86.2,71.2,75.9,0.0
balifam100,upp,PF00127.100,83.4,84.3,45.8,50.0,0.0
balifam100,upp,PF00139.100,90.5,90.5,78.2,82.1,0.0
balifam100,upp,PF00142.100,23.3,38.2,0.0,0.0,0.0
balifam100,upp,PF00150.100,54.3,66.2,4.7,8.2,0.0
balifam100,upp,PF00155.100,61.7,60.8,8.0,11.4,2.0
balifam100,upp,PF00194.100,82.6,83.0,49.6,56.9,0.0
balifam100,upp,PF00202.100,62.2,61.0,10.5,16.2,1.0
balifam100,upp,PF00218.100,88.9,89.2,57.4,62.5,0.0
balifam100,upp,PF00224.100,90.7,91.7,65.3,70.4,0.0
balifam100,upp,PF00232.100,88.4,88.2,68.1,76.6,0.0
balifam100,upp,PF00313.100,76.5,77.9,49.2,49.5,0.0
balifam100,upp,PF00343.100,96.5,96.9,92.6,93.6,0.0
balifam100,upp,PF00405.100,72.5,92.0,46.3,48.6,0.0
balifam100,upp,PF00450.100,80.4,80.2,47.3,59.6,0.0
balifam100,upp,PF00476.100,95.6,95.2,80.8,84.8,0.0
balifam100,upp,PF00505.100,98.9,98.9,87.1,87.5,0.0
balifam100,upp,PF00538.100,82.4,89.6,5.0,3.2,0.0
balifam100,upp,PF00625.100,63.9,61.2,10.6,16.1,0.0
balifam100,upp,PF00687.100,93.8,94.0,77.8,78.7,0.0
balifam100,upp,PF00867.100,76.7,76.4,18.5,18.3,0.0
balifam100,upp,PF00868.100,90.3,90.6,65.3,69.4,0.0
balifam100,upp,PF00970.100,58.8,75.4,10.3,12.1,0.0
balifam100,upp,PF01355.100,76.2,83.6,52.9,57.9,0.0
balifam100,upp,PF01371.100,19.0,38.7,0.0,0.0,0.0
balifam100,upp,PF01381.100,73.5,75.9,43.3,44.9,0.0
balifam100,upp,PF01814.100,93.1,93.3,81.0,88.5,0.0
balifam100,upp,PF02085.100,72.5,74.8,44.3,49.5,0.0
balifam100,upp,PF02223.100,89.4,89.5,5.5,6.7,0.0
balifam100,upp,PF02777.100,94.1,94.1,76.2,78.2,0.0
balifam100,upp,PF02836.100,92.7,92.2,76.7,89.3,0.0
balifam100,upp,PF02868.100,78.5,78.4,61.9,65.2,0.0
balifam100,upp,PF02878.100,77.9,79.9,60.0,63.6,0.0
balifam100,upp,PF03129.100,95.6,96.0,50.0,54.7,0.0
balifam100,upp,PF04082.100,59.9,62.8,35.2,42.4,0.0
balifam100,upp,PF04908.100,75.6,75.7,25.4,25.6,0.0
balifam100,upp,PF05746.100,85.0,85.6,59.5,67.6,0.0
balifam100,upp,PF07654.100,87.3,87.5,71.4,73.5,0.0
balifam100,upp,PF07679.100,76.3,77.9,44.0,54.8,0.0
balifam100,upp,PF07686.100,93.1,94.1,35.5,40.2,0.0
balifam100,upp,PF09011.100,97.7,98.0,76.7,77.8,0.0
balifam100,upp,PF09173.100,47.6,54.3,2.0,0.5,0.0
balifam100,upp,PF11427.100,28.3,35.4,0.0,0.0,0.0
balifam100,upp,PF13365.100,88.9,90.7,10.3,12.7,0.0
balifam100,upp,PF13378.100,88.2,89.4,35.8,39.5,0.0
balifam100,upp,PF13393.100,84.4,84.2,37.7,48.9,0.0
balifam100,upp,PF13522.100,79.8,89.5,18.6,23.6,0.0
balifam100,upp,PF13561.100,82.0,81.9,27.9,36.7,0.0
balifam100,upp,PF14497.100,87.0,87.3,39.8,46.3,0.0
balifam100,upp,PF14604.100,78.7,83.0,23.8,30.9,0.0
balifam100,reg,PF00009.100,85.2,85.6,40.9,46.3,0.0
balifam100,reg,PF00018.100,83.6,86.8,11.6,14.3,0.0
balifam100,reg,PF00037.100,93.2,93.9,62.1,79.5,0.0
balifam100,reg,PF00046.100,98.1,99.1,91.7,91.7,0.0
balifam100,reg,PF00048.100,84.9,89.0,0.0,0.0,0.0
balifam100,reg,PF00051.100,87.8,89.2,77.1,79.6,0.0
balifam100,reg,PF00077.100,84.1,86.1,62.2,66.0,0.0
balifam100,reg,PF00078.100,95.6,96.2,85.3,86.7,0.0
balifam100,reg,PF00079.100,94.6,94.9,87.1,89.3,0.0
balifam100,reg,PF00084.100,86.4,86.2,72.9,77.7,0.0
balifam100,reg,PF00127.100,79.5,82.8,46.7,52.8,0.0
balifam100,reg,PF00139.100,93.4,94.3,83.8,87.8,0.0
balifam100,reg,PF00142.100,47.9,48.5,5.5,13.8,0.0
balifam100,reg,PF00150.100,59.2,65.0,13.4,23.4,0.0
balifam100,reg,PF00155.100,61.1,63.4,7.4,11.4,0.0
balifam100,reg,PF00194.100,83.6,84.2,49.6,57.2,0.0
balifam100,reg,PF00202.100,65.4,66.8,8.6,12.7,0.0
balifam100,reg,PF00218.100,90.0,90.3,59.6,65.0,0.0
balifam100,reg,PF00224.100,90.5,91.9,66.2,70.8,0.0
balifam100,reg,PF00232.100,89.7,90.7,69.5,77.8,0.0
balifam100,reg,PF00313.100,80.8,83.1,53.8,54.2,0.0
balifam100,reg,PF00343.100,95.9,96.1,91.6,92.4,0.0
balifam100,reg,PF00405.100,95.7,96.0,78.9,82.6,0.0
balifam100,reg,PF00450.100,82.5,83.9,48.9,61.3,0.0
balifam100,reg,PF00476.100,95.4,94.9,81.3,85.4,0.0
balifam100,reg,PF00505.100,97.0,97.1,84.3,87.3,0.0
balifam100,reg,PF00538.100,87.9,90.3,1.7,0.0,0.0
balifam100,reg,PF00625.100,70.9,70.3,14.4,22.0,0.0
balifam100,reg,PF00687.100,94.5,94.5,79.6,80.6,0.0
balifam100,reg,PF00867.100,78.8,78.7,23.1,26.7,0.0
balifam100,reg,PF00868.100,93.0,93.8,74.2,78.4,0.0
balifam100,reg,PF00970.100,91.5,92.7,33.9,37.1,0.0
balifam100,reg,PF01355.100,89.4,89.8,73.5,81.0,0.0
balifam100,reg,PF01371.100,68.2,79.9,19.0,21.7,0.0
balifam100,reg,PF01381.100,73.0,74.5,45.0,46.5,0.0
balifam100,reg,PF01814.100,90.6,90.9,75.0,83.1,0.0
balifam100,reg,PF02085.100,74.0,74.7,46.1,50.6,0.0
balifam100,reg,PF02223.100,89.0,89.9,6.7,8.7,0.0
balifam100,reg,PF02777.100,92.9,93.2,76.2,78.2,0.0
balifam100,reg,PF02836.100,92.7,92.5,77.3,88.7,0.0
balifam100,reg,PF02868.100,78.9,79.5,58.8,63.1,0.0
balifam100,reg,PF02878.100,77.4,79.0,58.5,62.8,0.0
balifam100,reg,PF03129.100,94.6,96.5,52.0,56.9,0.0
balifam100,reg,PF04082.100,56.2,61.3,29.1,34.9,0.0
balifam100,reg,PF04908.100,67.5,72.2,19.5,27.3,0.0
balifam100,reg,PF05746.100,87.9,87.6,67.2,76.3,0.0
balifam100,reg,PF07654.100,86.9,87.1,71.4,73.5,0.0
balifam100,reg,PF07679.100,80.1,84.2,49.0,61.0,0.0
balifam100,reg,PF07686.100,93.1,95.0,34.6,38.6,0.0
balifam100,reg,PF09011.100,99.2,99.2,91.7,91.9,0.0
balifam100,reg,PF09173.100,50.1,54.6,1.0,1.0,0.0
balifam100,reg,PF11427.100,54.0,61.1,0.0,0.0,0.0
balifam100,reg,PF13365.100,88.9,91.1,8.4,10.2,0.0
balifam100,reg,PF13378.100,87.5,89.7,35.4,39.0,0.0
balifam100,reg,PF13393.100,85.7,86.8,42.3,53.3,0.0
balifam100,reg,PF13522.100,81.9,88.1,26.4,33.8,0.0
balifam100,reg,PF13561.100,78.5,81.0,22.7,27.1,0.0
balifam100,reg,PF14497.100,87.8,89.5,45.1,53.5,0.0
balifam100,reg,PF14604.100,82.0,83.9,33.3,35.3,0.0
balifam100,MAGUS,PF00009.100,83.9,85.5,39.4,43.7,1.0
balifam100,MAGUS,PF00018.100,86.6,89.1,0.0,0.0,1.0
balifam100,MAGUS,PF00037.100,94.3,94.8,69.0,88.3,0.0
balifam100,MAGUS,PF00046.100,99.5,99.5,97.9,97.9,0.0
balifam100,MAGUS,PF00048.100,87.3,88.6,7.1,8.5,0.0
balifam100,MAGUS,PF00051.100,79.6,81.9,62.7,65.4,0.0
balifam100,MAGUS,PF00077.100,76.2,77.5,50.0,52.6,0.0
balifam100,MAGUS,PF00078.100,89.6,93.6,70.0,71.1,0.0
balifam100,MAGUS,PF00079.100,94.9,94.8,86.8,88.7,1.0
balifam100,MAGUS,PF00084.100,80.1,84.2,64.4,68.7,0.0
balifam100,MAGUS,PF00127.100,73.8,78.6,36.7,47.4,0.0
balifam100,MAGUS,PF00139.100,91.2,91.2,79.5,83.1,1.0
balifam100,MAGUS,PF00142.100,45.1,44.4,4.8,0.2,1.0
balifam100,MAGUS,PF00150.100,57.9,61.6,14.4,24.6,1.0
balifam100,MAGUS,PF00155.100,59.3,61.7,7.2,11.2,4.0
balifam100,MAGUS,PF00194.100,83.4,86.0,48.2,54.8,1.0
balifam100,MAGUS,PF00202.100,62.5,63.6,9.4,13.7,3.0
balifam100,MAGUS,PF00218.100,87.9,88.5,55.1,60.1,1.0
balifam100,MAGUS,PF00224.100,91.7,91.9,66.7,72.2,0.0
balifam100,MAGUS,PF00232.100,88.5,89.8,68.1,76.4,1.0
balifam100,MAGUS,PF00313.100,80.2,81.6,49.2,49.5,0.0
balifam100,MAGUS,PF00343.100,92.1,95.4,84.5,85.2,1.0
balifam100,MAGUS,PF00405.100,91.6,93.4,67.5,71.0,1.0
balifam100,MAGUS,PF00450.100,81.4,84.1,45.9,58.4,1.0
balifam100,MAGUS,PF00476.100,95.2,94.8,80.8,84.8,1.0
balifam100,MAGUS,PF00505.100,98.9,98.9,87.1,87.5,0.0
balifam100,MAGUS,PF00538.100,84.0,86.9,0.0,0.0,1.0
balifam100,MAGUS,PF00625.100,66.8,66.8,16.3,17.9,1.0
balifam100,MAGUS,PF00687.100,93.6,93.5,77.2,78.3,0.0
balifam100,MAGUS,PF00867.100,78.7,80.4,23.1,26.7,0.0
balifam100,MAGUS,PF00868.100,89.8,91.6,66.1,70.3,0.0
balifam100,MAGUS,PF00970.100,91.3,93.4,33.3,37.0,1.0
balifam100,MAGUS,PF01355.100,89.2,90.4,73.5,77.6,1.0
balifam100,MAGUS,PF01371.100,57.2,72.9,0.0,0.0,0.0
balifam100,MAGUS,PF01381.100,70.3,71.8,35.0,37.0,0.0
balifam100,MAGUS,PF01814.100,91.1,91.4,75.9,84.7,0.0
balifam100,MAGUS,PF02085.100,71.2,75.7,40.9,47.0,0.0
balifam100,MAGUS,PF02223.100,86.0,87.4,5.0,6.7,1.0
balifam100,MAGUS,PF02777.100,94.3,94.5,77.2,79.2,0.0
balifam100,MAGUS,PF02836.100,92.1,92.9,75.8,88.3,1.0
balifam100,MAGUS,PF02868.100,77.6,79.7,55.6,60.6,1.0
balifam100,MAGUS,PF02878.100,75.1,79.7,53.3,56.8,0.0
balifam100,MAGUS,PF03129.100,94.0,95.6,40.8,45.6,1.0
balifam100,MAGUS,PF04082.100,59.3,68.2,34.9,42.0,1.0
balifam100,MAGUS,PF04908.100,60.1,63.1,16.9,22.3,1.0
balifam100,MAGUS,PF05746.100,83.8,84.7,48.9,55.5,0.0
balifam100,MAGUS,PF07654.100,82.7,84.2,65.5,67.3,0.0
balifam100,MAGUS,PF07679.100,78.8,79.8,48.0,59.8,0.0
balifam100,MAGUS,PF07686.100,93.8,94.8,41.1,46.6,1.0
balifam100,MAGUS,PF09011.100,94.0,95.4,63.3,65.9,0.0
balifam100,MAGUS,PF09173.100,48.2,53.4,2.0,0.5,0.0
balifam100,MAGUS,PF11427.100,18.2,24.4,0.0,0.0,0.0
balifam100,MAGUS,PF13365.100,88.5,90.5,11.2,13.9,1.0
balifam100,MAGUS,PF13378.100,86.6,90.0,33.0,37.1,1.0
balifam100,MAGUS,PF13393.100,75.2,79.0,28.1,33.9,1.0
balifam100,MAGUS,PF13522.100,75.7,81.5,24.8,31.8,0.0
balifam100,MAGUS,PF13561.100,81.2,83.4,28.2,36.3,2.0
balifam100,MAGUS,PF14497.100,87.4,89.1,46.0,54.8,1.0
balifam100,MAGUS,PF14604.100,76.0,79.7,27.0,33.0,0.0
balifam10000,learnMSA_1.1,PF00009.10000,76.3,82.4,28.7,42.6,10.0
balifam10000,learnMSA_1.1,PF00018.10000,85.9,87.6,4.7,0.1,2.0
balifam10000,learnMSA_1.1,PF00037.10000,90.5,92.5,79.3,77.7,2.0
balifam10000,learnMSA_1.1,PF00046.10000,97.3,99.5,93.8,93.8,2.0
balifam10000,learnMSA_1.1,PF00078.10000,85.9,88.4,75.3,76.0,5.0
balifam10000,learnMSA_1.1,PF00079.10000,90.6,91.4,79.1,83.0,17.0
balifam10000,learnMSA_1.1,PF00084.10000,87.7,89.8,76.3,81.3,2.0
balifam10000,learnMSA_1.1,PF00150.10000,59.3,61.2,13.9,23.8,11.0
balifam10000,learnMSA_1.1,PF00155.10000,46.7,47.5,0.0,0.0,16.0
balifam10000,learnMSA_1.1,PF00202.10000,48.2,47.5,0.0,0.0,17.0
balifam10000,learnMSA_1.1,PF00224.10000,92.2,92.8,67.1,72.1,13.0
balifam10000,learnMSA_1.1,PF00232.10000,87.1,90.4,65.6,73.3,25.0
balifam10000,learnMSA_1.1,PF00313.10000,80.8,82.7,52.3,52.6,2.0
balifam10000,learnMSA_1.1,PF00450.10000,81.4,83.6,48.5,61.7,21.0
balifam10000,learnMSA_1.1,PF00476.10000,94.3,95.8,80.3,84.0,19.0
balifam10000,learnMSA_1.1,PF00505.10000,97.0,97.3,80.0,82.8,2.0
balifam10000,learnMSA_1.1,PF00625.10000,34.0,34.5,0.0,0.0,5.0
balifam10000,learnMSA_1.1,PF00687.10000,81.6,83.4,59.9,61.5,8.0
balifam10000,learnMSA_1.1,PF00970.10000,67.4,67.9,15.5,18.1,3.0
balifam10000,learnMSA_1.1,PF01381.10000,67.5,68.1,18.3,21.0,2.0
balifam10000,learnMSA_1.1,PF01814.10000,91.4,92.0,77.6,84.6,3.0
balifam10000,learnMSA_1.1,PF02777.10000,91.4,95.8,68.3,70.5,3.0
balifam10000,learnMSA_1.1,PF02836.10000,89.6,91.7,70.6,82.3,8.0
balifam10000,learnMSA_1.1,PF02878.10000,74.0,77.2,51.9,55.2,3.0
balifam10000,learnMSA_1.1,PF03129.10000,96.5,97.1,55.1,60.4,3.0
balifam10000,learnMSA_1.1,PF04082.10000,49.9,50.6,12.6,15.2,11.0
balifam10000,learnMSA_1.1,PF05746.10000,84.8,85.1,67.2,76.3,4.0
balifam10000,learnMSA_1.1,PF07654.10000,88.8,89.5,76.2,77.8,2.0
balifam10000,learnMSA_1.1,PF07679.10000,79.8,81.6,39.0,48.6,2.0
balifam10000,learnMSA_1.1,PF07686.10000,88.7,90.1,30.8,34.8,3.0
balifam10000,learnMSA_1.1,PF13365.10000,31.1,35.2,0.0,0.0,5.0
balifam10000,learnMSA_1.1,PF13378.10000,63.7,66.9,17.9,20.5,6.0
balifam10000,learnMSA_1.1,PF13393.10000,39.6,43.4,0.0,0.0,12.0
balifam10000,learnMSA_1.1,PF13522.10000,67.7,70.4,21.7,27.8,3.0
balifam10000,learnMSA_1.1,PF13561.10000,70.9,71.3,0.3,0.0,5.0
balifam10000,learnMSA_1.1,PF14604.10000,75.1,77.2,17.5,22.1,2.0
balifam10000,learnMSA_paper,PF00009.10000,74.2,79.5,24.4,36.9,22.0
balifam10000,learnMSA_paper,PF00018.10000,83.0,86.6,0.0,0.0,3.0
balifam10000,learnMSA_paper,PF00037.10000,86.5,92.5,51.7,66.2,3.0
balifam10000,learnMSA_paper,PF00046.10000,94.3,99.0,79.2,79.2,4.0
balifam10000,learnMSA_paper,PF00078.10000,87.2,91.4,74.7,75.4,14.0
balifam10000,learnMSA_paper,PF00079.10000,93.6,94.1,83.4,87.1,78.0
balifam10000,learnMSA_paper,PF00084.10000,89.5,90.0,76.3,81.3,4.0
balifam10000,learnMSA_paper,PF00150.10000,58.0,60.0,13.4,22.8,43.0
balifam10000,learnMSA_paper,PF00155.10000,47.3,48.3,2.1,3.4,66.0
balifam10000,learnMSA_paper,PF00202.10000,46.1,45.9,0.0,0.0,85.0
balifam10000,learnMSA_paper,PF00224.10000,91.5,92.5,68.5,73.4,56.0
balifam10000,learnMSA_paper,PF00232.10000,86.9,88.8,64.2,72.9,111.0
balifam10000,learnMSA_paper,PF00313.10000,79.9,82.2,49.2,49.5,4.0
balifam10000,learnMSA_paper,PF00450.10000,79.3,81.0,48.1,61.7,93.0
balifam10000,learnMSA_paper,PF00476.10000,94.2,94.5,79.5,83.3,84.0
balifam10000,learnMSA_paper,PF00505.10000,96.6,97.3,80.0,82.8,4.0
balifam10000,learnMSA_paper,PF00625.10000,41.8,40.6,0.0,0.0,12.0
balifam10000,learnMSA_paper,PF00687.10000,53.9,77.6,13.8,10.6,17.0
balifam10000,learnMSA_paper,PF00970.10000,65.8,67.9,10.3,12.1,6.0
balifam10000,learnMSA_paper,PF01381.10000,63.6,65.4,0.0,0.0,3.0
balifam10000,learnMSA_paper,PF01814.10000,87.5,90.1,70.7,80.3,7.0
balifam10000,learnMSA_paper,PF02777.10000,92.1,96.9,67.3,69.4,6.0
balifam10000,learnMSA_paper,PF02836.10000,89.4,92.4,71.8,83.7,27.0
balifam10000,learnMSA_paper,PF02878.10000,81.5,82.8,63.0,67.2,8.0
balifam10000,learnMSA_paper,PF03129.10000,97.2,97.6,55.1,60.4,5.0
balifam10000,learnMSA_paper,PF04082.10000,58.8,61.5,29.5,35.5,29.0
balifam10000,learnMSA_paper,PF05746.10000,84.8,85.2,67.2,76.3,7.0
balifam10000,learnMSA_paper,PF07654.10000,75.7,78.4,54.8,56.3,4.0
balifam10000,learnMSA_paper,PF07679.10000,83.4,84.1,44.0,54.8,5.0
balifam10000,learnMSA_paper,PF07686.10000,88.0,88.9,12.1,13.8,6.0
balifam10000,learnMSA_paper,PF13365.10000,27.9,33.8,0.0,0.0,11.0
balifam10000,learnMSA_paper,PF13378.10000,74.2,76.4,21.7,25.1,19.0
balifam10000,learnMSA_paper,PF13393.10000,40.4,41.9,0.0,0.0,46.0
balifam10000,learnMSA_paper,PF13522.10000,69.2,72.1,24.0,30.8,9.0
balifam10000,learnMSA_paper,PF13561.10000,68.3,68.2,0.3,0.0,23.0
balifam10000,learnMSA_paper,PF14604.10000,81.9,85.0,39.7,50.4,3.0
balifam10000,clustalo,PF00009.10000,79.9,87.7,35.8,41.3,2.0
balifam10000,clustalo,PF00018.10000,71.7,88.0,2.3,2.6,0.0
balifam10000,clustalo,PF00037.10000,92.6,92.6,65.5,83.9,0.0
balifam10000,clustalo,PF00046.10000,90.0,97.9,72.9,72.9,0.0
balifam10000,clustalo,PF00078.10000,95.5,96.1,85.9,87.3,2.0
balifam10000,clustalo,PF00079.10000,62.8,82.8,40.9,43.0,5.0
balifam10000,clustalo,PF00084.10000,40.1,70.4,22.0,23.5,0.0
balifam10000,clustalo,PF00150.10000,40.9,58.2,2.6,4.5,8.0
balifam10000,clustalo,PF00155.10000,47.5,61.5,2.7,2.8,5.0
balifam10000,clustalo,PF00202.10000,50.7,59.8,5.4,8.1,4.0
balifam10000,clustalo,PF00224.10000,77.3,88.4,42.6,46.1,3.0
balifam10000,clustalo,PF00232.10000,78.6,90.3,53.4,60.8,4.0
balifam10000,clustalo,PF00313.10000,76.6,87.0,50.8,50.5,0.0
balifam10000,clustalo,PF00450.10000,56.4,81.2,20.0,25.7,5.0
balifam10000,clustalo,PF00476.10000,91.8,94.9,75.6,79.4,5.0
balifam10000,clustalo,PF00505.10000,82.5,90.8,40.0,41.2,0.0
balifam10000,clustalo,PF00625.10000,57.4,63.9,10.6,16.0,1.0
balifam10000,clustalo,PF00687.10000,62.8,86.2,41.9,40.2,1.0
balifam10000,clustalo,PF00970.10000,80.1,90.6,5.7,5.4,0.0
balifam10000,clustalo,PF01381.10000,61.7,75.6,16.7,16.3,0.0
balifam10000,clustalo,PF01814.10000,88.1,92.8,71.6,80.5,2.0
balifam10000,clustalo,PF02777.10000,84.0,94.3,64.4,65.9,0.0
balifam10000,clustalo,PF02836.10000,89.4,93.8,73.3,84.8,3.0
balifam10000,clustalo,PF02878.10000,63.6,77.5,46.7,49.7,0.0
balifam10000,clustalo,PF03129.10000,84.4,94.4,18.4,20.5,0.0
balifam10000,clustalo,PF04082.10000,23.7,47.2,2.7,3.2,12.0
balifam10000,clustalo,PF05746.10000,82.9,90.5,64.9,73.7,0.0
balifam10000,clustalo,PF07654.10000,68.0,82.2,48.8,50.2,0.0
balifam10000,clustalo,PF07679.10000,51.9,70.0,9.0,11.2,0.0
balifam10000,clustalo,PF07686.10000,77.7,90.5,11.2,12.7,1.0
balifam10000,clustalo,PF13365.10000,85.6,90.1,7.5,8.4,2.0
balifam10000,clustalo,PF13378.10000,77.6,88.6,19.8,22.9,2.0
balifam10000,clustalo,PF13393.10000,54.3,65.6,1.2,0.0,2.0
balifam10000,clustalo,PF13522.10000,71.8,81.9,24.0,30.8,1.0
balifam10000,clustalo,PF13561.10000,50.3,77.5,11.0,14.7,3.0
balifam10000,clustalo,PF14604.10000,61.5,78.2,4.8,4.6,0.0
balifam10000,mafft,PF00009.10000,77.1,85.6,31.9,36.3,15.0
balifam10000,mafft,PF00018.10000,75.6,87.0,2.3,2.6,1.0
balifam10000,mafft,PF00037.10000,85.6,88.5,48.3,61.8,0.0
balifam10000,mafft,PF00046.10000,97.7,99.1,89.6,89.6,1.0
balifam10000,mafft,PF00078.10000,94.3,95.6,82.4,83.5,14.0
balifam10000,mafft,PF00079.10000,90.7,92.2,79.4,83.1,29.0
balifam10000,mafft,PF00084.10000,80.7,84.8,64.4,68.7,2.0
balifam10000,mafft,PF00150.10000,44.4,56.7,0.5,0.7,55.0
balifam10000,mafft,PF00155.10000,52.9,61.0,1.7,1.4,35.0
balifam10000,mafft,PF00202.10000,47.4,58.2,2.8,3.3,19.0
balifam10000,mafft,PF00224.10000,90.3,92.4,64.4,69.4,8.0
balifam10000,mafft,PF00232.10000,81.8,87.0,53.2,59.5,27.0
balifam10000,mafft,PF00313.10000,76.2,81.2,46.2,46.4,1.0
balifam10000,mafft,PF00450.10000,79.7,84.7,45.1,57.6,42.0
balifam10000,mafft,PF00476.10000,93.3,94.2,78.0,81.8,30.0
balifam10000,mafft,PF00505.10000,84.4,87.5,27.1,28.2,1.0
balifam10000,mafft,PF00625.10000,60.4,60.6,7.6,9.6,4.0
balifam10000,mafft,PF00687.10000,94.3,95.0,79.6,80.4,10.0
balifam10000,mafft,PF00970.10000,88.2,91.4,24.7,27.5,3.0
balifam10000,mafft,PF01381.10000,62.8,71.7,16.7,14.8,1.0
balifam10000,mafft,PF01814.10000,79.4,89.2,56.0,63.7,5.0
balifam10000,mafft,PF02777.10000,90.8,92.7,68.3,70.5,3.0
balifam10000,mafft,PF02836.10000,92.5,93.6,73.3,85.5,18.0
balifam10000,mafft,PF02878.10000,82.6,85.6,66.7,70.3,4.0
balifam10000,mafft,PF03129.10000,88.1,92.3,17.3,19.4,2.0
balifam10000,mafft,PF04082.10000,40.5,59.3,19.5,23.5,50.0
balifam10000,mafft,PF05746.10000,82.0,86.0,58.0,65.9,4.0
balifam10000,mafft,PF07654.10000,88.2,88.9,75.0,77.1,3.0
balifam10000,mafft,PF07679.10000,46.3,55.6,3.0,3.7,4.0
balifam10000,mafft,PF07686.10000,79.9,89.6,14.0,15.7,10.0
balifam10000,mafft,PF13365.10000,83.1,88.0,0.9,0.6,23.0
balifam10000,mafft,PF13378.10000,84.8,89.1,21.2,25.1,8.0
balifam10000,mafft,PF13393.10000,70.2,77.9,18.3,21.1,15.0
balifam10000,mafft,PF13522.10000,63.3,74.7,0.0,0.0,5.0
balifam10000,mafft,PF13561.10000,66.8,76.6,14.6,18.0,14.0
balifam10000,mafft,PF14604.10000,61.1,68.8,15.9,20.6,1.0
balifam10000,upp,PF00009.10000,76.5,82.6,28.0,36.9,14.0
balifam10000,upp,PF00018.10000,84.1,93.1,7.0,7.7,2.0
balifam10000,upp,PF00037.10000,82.4,93.7,48.3,61.8,1.0
balifam10000,upp,PF00046.10000,98.6,99.1,93.8,93.8,2.0
balifam10000,upp,PF00078.10000,93.6,95.2,82.4,82.9,10.0
balifam10000,upp,PF00079.10000,90.7,91.9,78.5,81.8,26.0
balifam10000,upp,PF00084.10000,87.3,87.6,74.6,79.5,2.0
balifam10000,upp,PF00150.10000,50.1,63.4,3.3,5.3,24.0
balifam10000,upp,PF00155.10000,53.3,58.3,3.6,3.5,20.0
balifam10000,upp,PF00202.10000,53.6,59.6,1.7,2.1,32.0
balifam10000,upp,PF00224.10000,91.1,92.2,66.7,72.1,13.0
balifam10000,upp,PF00232.10000,87.5,89.1,64.8,72.6,36.0
balifam10000,upp,PF00313.10000,74.9,77.7,49.2,49.5,2.0
balifam10000,upp,PF00450.10000,78.3,80.4,48.5,62.4,35.0
balifam10000,upp,PF00476.10000,94.4,94.5,78.8,82.6,30.0
balifam10000,upp,PF00505.10000,93.9,96.8,65.7,68.0,2.0
balifam10000,upp,PF00625.10000,68.8,67.4,9.5,11.8,7.0
balifam10000,upp,PF00687.10000,91.5,92.2,76.0,76.4,8.0
balifam10000,upp,PF00970.10000,65.8,74.5,20.7,24.2,5.0
balifam10000,upp,PF01381.10000,69.4,78.5,33.3,32.4,2.0
balifam10000,upp,PF01814.10000,89.3,92.0,71.6,79.9,10.0
balifam10000,upp,PF02777.10000,91.1,95.3,68.3,70.5,3.0
balifam10000,upp,PF02836.10000,93.5,93.7,77.0,88.7,20.0
balifam10000,upp,PF02878.10000,83.4,84.9,68.1,72.5,6.0
balifam10000,upp,PF03129.10000,93.5,96.7,44.9,49.0,4.0
balifam10000,upp,PF04082.10000,60.3,67.8,40.6,48.9,20.0
balifam10000,upp,PF05746.10000,87.1,87.7,66.4,75.4,6.0
balifam10000,upp,PF07654.10000,86.3,87.6,72.6,74.7,3.0
balifam10000,upp,PF07679.10000,64.3,75.7,21.0,25.9,5.0
balifam10000,upp,PF07686.10000,83.5,93.8,13.1,14.8,6.0
balifam10000,upp,PF13365.10000,74.1,85.4,0.0,0.0,11.0
balifam10000,upp,PF13378.10000,87.6,88.4,32.5,36.8,11.0
balifam10000,upp,PF13393.10000,34.1,51.3,5.8,0.1,18.0
balifam10000,upp,PF13522.10000,70.4,80.7,16.3,20.6,7.0
balifam10000,upp,PF13561.10000,74.9,79.8,14.6,19.7,14.0
balifam10000,upp,PF14604.10000,66.0,80.8,3.2,3.1,2.0
balifam10000,reg,PF00009.10000,75.5,83.2,25.4,33.4,5.0
balifam10000,reg,PF00018.10000,77.1,82.2,4.7,5.7,1.0
balifam10000,reg,PF00037.10000,89.5,93.9,62.1,79.5,0.0
balifam10000,reg,PF00046.10000,97.7,99.5,89.6,89.6,0.0
balifam10000,reg,PF00078.10000,87.8,93.8,63.5,64.6,6.0
balifam10000,reg,PF00079.10000,72.2,82.1,53.8,56.8,12.0
balifam10000,reg,PF00084.10000,62.0,70.5,42.4,45.2,1.0
balifam10000,reg,PF00150.10000,45.7,65.5,9.2,16.0,17.0
balifam10000,reg,PF00155.10000,56.1,65.4,7.4,10.0,13.0
balifam10000,reg,PF00202.10000,59.8,64.9,2.8,2.8,11.0
balifam10000,reg,PF00224.10000,84.3,90.9,45.8,51.3,7.0
balifam10000,reg,PF00232.10000,86.1,90.5,65.8,75.1,11.0
balifam10000,reg,PF00313.10000,76.9,82.0,47.7,48.0,1.0
balifam10000,reg,PF00450.10000,69.2,80.0,33.9,43.5,14.0
balifam10000,reg,PF00476.10000,93.5,94.3,78.8,82.6,13.0
balifam10000,reg,PF00505.10000,91.7,97.1,61.4,63.9,1.0
balifam10000,reg,PF00625.10000,51.2,55.7,7.2,9.0,2.0
balifam10000,reg,PF00687.10000,91.7,92.6,76.0,76.6,3.0
balifam10000,reg,PF00970.10000,87.1,90.9,24.7,28.9,2.0
balifam10000,reg,PF01381.10000,74.2,78.8,53.3,53.3,1.0
balifam10000,reg,PF01814.10000,89.5,91.5,71.6,80.5,5.0
balifam10000,reg,PF02777.10000,67.2,78.9,27.7,28.6,1.0
balifam10000,reg,PF02836.10000,92.3,94.1,74.5,86.9,7.0
balifam10000,reg,PF02878.10000,69.4,76.8,46.7,49.7,2.0
balifam10000,reg,PF03129.10000,89.4,94.2,31.6,35.3,1.0
balifam10000,reg,PF04082.10000,31.7,54.3,13.8,16.6,26.0
balifam10000,reg,PF05746.10000,84.1,89.5,64.9,73.7,2.0
balifam10000,reg,PF07654.10000,73.9,80.1,59.5,61.2,1.0
balifam10000,reg,PF07679.10000,58.2,71.1,19.0,23.7,2.0
balifam10000,reg,PF07686.10000,85.0,91.1,13.1,14.8,2.0
balifam10000,reg,PF13365.10000,79.0,86.0,5.1,6.7,5.0
balifam10000,reg,PF13378.10000,82.8,87.6,16.0,18.0,6.0
balifam10000,reg,PF13393.10000,78.8,85.7,30.4,38.0,6.0
balifam10000,reg,PF13522.10000,62.0,82.9,15.5,19.9,2.0
balifam10000,reg,PF13561.10000,71.9,79.5,13.6,18.8,8.0
balifam10000,reg,PF14604.10000,75.0,81.4,27.0,34.5,1.0
balifam10000,MAGUS,PF00009.10000,81.3,87.1,38.0,42.0,9.0
balifam10000,MAGUS,PF00018.10000,79.6,86.7,0.0,0.0,0.0
balifam10000,MAGUS,PF00037.10000,94.8,94.8,69.0,88.3,0.0
balifam10000,MAGUS,PF00046.10000,99.5,99.5,97.9,97.9,0.0
balifam10000,MAGUS,PF00078.10000,93.8,94.5,82.9,84.3,8.0
balifam10000,MAGUS,PF00079.10000,89.6,91.7,78.2,81.4,29.0
balifam10000,MAGUS,PF00084.10000,84.3,90.3,74.6,78.6,2.0
balifam10000,MAGUS,PF00150.10000,44.7,70.7,9.2,16.0,33.0
balifam10000,MAGUS,PF00155.10000,59.2,62.0,4.2,6.5,25.0
balifam10000,MAGUS,PF00202.10000,59.1,62.9,9.4,14.4,19.0
balifam10000,MAGUS,PF00224.10000,90.0,91.8,65.3,70.5,10.0
balifam10000,MAGUS,PF00232.10000,88.9,91.6,69.7,78.4,23.0
balifam10000,MAGUS,PF00313.10000,81.4,83.0,52.3,52.6,0.0
balifam10000,MAGUS,PF00450.10000,72.3,84.1,28.9,36.5,31.0
balifam10000,MAGUS,PF00476.10000,94.0,94.8,79.8,83.7,22.0
balifam10000,MAGUS,PF00505.10000,97.2,97.5,84.3,86.9,1.0
balifam10000,MAGUS,PF00625.10000,65.7,64.5,14.0,21.5,3.0
balifam10000,MAGUS,PF00687.10000,92.7,94.7,79.0,79.5,5.0
balifam10000,MAGUS,PF00970.10000,71.2,92.4,9.2,10.7,3.0
balifam10000,MAGUS,PF01381.10000,72.9,75.9,41.7,43.4,1.0
balifam10000,MAGUS,PF01814.10000,89.9,92.6,74.1,83.4,5.0
balifam10000,MAGUS,PF02777.10000,91.3,94.7,71.3,73.5,2.0
balifam10000,MAGUS,PF02836.10000,92.3,94.4,75.8,87.9,11.0
balifam10000,MAGUS,PF02878.10000,84.0,86.7,70.4,74.0,3.0
balifam10000,MAGUS,PF03129.10000,96.2,96.8,52.0,58.1,2.0
balifam10000,MAGUS,PF04082.10000,54.2,65.0,30.7,36.7,30.0
balifam10000,MAGUS,PF05746.10000,85.5,88.4,65.6,74.5,4.0
balifam10000,MAGUS,PF07654.10000,82.2,86.3,69.0,70.4,1.0
balifam10000,MAGUS,PF07679.10000,73.4,78.1,29.0,36.1,2.0
balifam10000,MAGUS,PF07686.10000,89.7,93.0,36.4,41.3,4.0
balifam10000,MAGUS,PF13365.10000,86.2,89.9,4.7,6.1,15.0
balifam10000,MAGUS,PF13378.10000,86.8,88.1,30.7,35.9,7.0
balifam10000,MAGUS,PF13393.10000,79.5,81.2,35.1,45.5,12.0
balifam10000,MAGUS,PF13522.10000,71.7,81.1,32.6,41.7,4.0
balifam10000,MAGUS,PF13561.10000,79.3,83.0,23.1,29.8,14.0
balifam10000,MAGUS,PF14604.10000,75.8,80.6,30.2,35.1,0.0
balifrag,learnMSA_1.1,PF00009.frag,81.1,86.3,25.1,43.9,7.0
balifrag,learnMSA_1.1,PF00018.frag,81.1,82.4,0.0,0.0,2.0
balifrag,learnMSA_1.1,PF00037.frag,92.3,79.9,32.1,28.7,2.0
balifrag,learnMSA_1.1,PF00046.frag,99.0,98.0,91.7,92.9,2.0
balifrag,learnMSA_1.1,PF00078.frag,63.1,71.1,63.5,54.3,5.0
balifrag,learnMSA_1.1,PF00079.frag,64.1,81.2,42.4,56.5,14.0
balifrag,learnMSA_1.1,PF00084.frag,90.9,92.1,81.4,87.7,2.0
balifrag,learnMSA_1.1,PF00150.frag,56.5,56.0,8.2,14.8,8.0
balifrag,learnMSA_1.1,PF00155.frag,45.5,45.7,0.0,0.0,12.0
balifrag,learnMSA_1.1,PF00202.frag,40.7,41.0,0.0,0.0,13.0
balifrag,learnMSA_1.1,PF00224.frag,90.1,92.8,61.2,65.6,10.0
balifrag,learnMSA_1.1,PF00232.frag,38.0,58.7,14.6,4.7,9.0
balifrag,learnMSA_1.1,PF00313.frag,85.0,86.9,58.5,73.8,2.0
balifrag,learnMSA_1.1,PF00450.frag,67.8,76.8,22.5,25.4,12.0
balifrag,learnMSA_1.1,PF00476.frag,92.2,94.1,78.1,83.2,17.0
balifrag,learnMSA_1.1,PF00505.frag,96.9,97.1,87.1,89.1,2.0
balifrag,learnMSA_1.1,PF00625.frag,32.6,31.8,0.0,0.0,4.0
balifrag,learnMSA_1.1,PF00687.frag,68.7,71.3,59.9,44.6,6.0
balifrag,learnMSA_1.1,PF00970.frag,62.7,68.2,2.4,2.4,2.0
balifrag,learnMSA_1.1,PF01381.frag,64.0,67.0,0.0,0.0,2.0
balifrag,learnMSA_1.1,PF01814.frag,56.4,62.7,17.9,19.0,3.0
balifrag,learnMSA_1.1,PF02777.frag,87.7,95.1,62.0,65.0,2.0
balifrag,learnMSA_1.1,PF02836.frag,79.9,85.6,62.1,70.8,5.0
balifrag,learnMSA_1.1,PF02878.frag,86.5,87.4,79.2,82.2,3.0
balifrag,learnMSA_1.1,PF03129.frag,96.7,97.0,57.0,63.5,2.0
balifrag,learnMSA_1.1,PF04082.frag,52.7,53.8,32.5,40.5,7.0
balifrag,learnMSA_1.1,PF05746.frag,80.2,80.5,64.3,67.1,4.0
balifrag,learnMSA_1.1,PF07654.frag,84.3,85.4,70.2,72.4,2.0
balifrag,learnMSA_1.1,PF07679.frag,71.5,74.4,37.0,35.2,2.0
balifrag,learnMSA_1.1,PF07686.frag,89.0,90.8,30.8,35.1,2.0
balifrag,learnMSA_1.1,PF13365.frag,23.9,25.9,0.0,0.0,5.0
balifrag,learnMSA_1.1,PF13378.frag,66.1,68.0,6.7,8.7,5.0
balifrag,learnMSA_1.1,PF13393.frag,20.3,22.8,0.6,0.4,8.0
balifrag,learnMSA_1.1,PF13522.frag,61.1,69.6,16.3,16.0,3.0
balifrag,learnMSA_1.1,PF13561.frag,70.5,70.7,0.0,0.0,5.0
balifrag,learnMSA_1.1,PF14604.frag,72.8,87.3,31.7,25.2,2.0
balifrag,learnMSA_paper,PF00009.frag,81.0,84.4,34.8,45.9,19.0
balifrag,learnMSA_paper,PF00018.frag,77.7,81.4,0.0,0.0,3.0
balifrag,learnMSA_paper,PF00037.frag,88.4,92.2,72.4,74.2,3.0
balifrag,learnMSA_paper,PF00046.frag,95.3,99.3,87.5,86.8,4.0
balifrag,learnMSA_paper,PF00078.frag,67.3,74.8,51.5,45.3,11.0
balifrag,learnMSA_paper,PF00079.frag,62.6,79.6,52.0,40.3,17.0
balifrag,learnMSA_paper,PF00084.frag,86.7,90.4,81.4,81.2,4.0
balifrag,learnMSA_paper,PF00150.frag,60.8,60.7,14.2,23.3,34.0
balifrag,learnMSA_paper,PF00155.frag,47.0,47.9,0.2,0.0,57.0
balifrag,learnMSA_paper,PF00202.frag,44.2,44.1,0.0,0.0,76.0
balifrag,learnMSA_paper,PF00224.frag,90.9,91.2,67.0,72.6,51.0
balifrag,learnMSA_paper,PF00232.frag,38.9,43.7,20.8,7.3,21.0
balifrag,learnMSA_paper,PF00313.frag,82.1,84.0,66.2,64.6,4.0
balifrag,learnMSA_paper,PF00450.frag,39.8,40.2,13.1,8.0,18.0
balifrag,learnMSA_paper,PF00476.frag,95.6,95.5,84.1,87.1,81.0
balifrag,learnMSA_paper,PF00505.frag,93.4,97.7,61.4,65.8,4.0
balifrag,learnMSA_paper,PF00625.frag,16.6,20.6,0.0,0.0,8.0
balifrag,learnMSA_paper,PF00687.frag,64.8,66.0,59.9,41.2,19.0
balifrag,learnMSA_paper,PF00970.frag,64.9,70.3,5.4,5.8,6.0
balifrag,learnMSA_paper,PF01381.frag,49.0,53.0,0.0,0.0,3.0
balifrag,learnMSA_paper,PF01814.frag,77.3,84.5,67.2,71.0,8.0
balifrag,learnMSA_paper,PF02777.frag,89.5,96.8,66.0,67.0,7.0
balifrag,learnMSA_paper,PF02836.frag,86.1,87.3,67.3,74.4,26.0
balifrag,learnMSA_paper,PF02878.frag,86.6,88.0,71.9,77.9,10.0
balifrag,learnMSA_paper,PF03129.frag,94.2,95.9,33.0,36.5,6.0
balifrag,learnMSA_paper,PF04082.frag,62.2,65.2,32.7,52.5,37.0
balifrag,learnMSA_paper,PF05746.frag,78.6,79.6,56.2,59.5,8.0
balifrag,learnMSA_paper,PF07654.frag,78.4,81.7,76.2,66.1,5.0
balifrag,learnMSA_paper,PF07679.frag,69.8,71.9,17.3,30.6,6.0
balifrag,learnMSA_paper,PF07686.frag,85.0,87.9,19.6,20.4,6.0
balifrag,learnMSA_paper,PF13365.frag,25.4,30.2,0.0,0.0,10.0
balifrag,learnMSA_paper,PF13378.frag,70.8,73.5,11.5,13.6,18.0
balifrag,learnMSA_paper,PF13393.frag,36.0,36.9,0.0,0.0,19.0
balifrag,learnMSA_paper,PF13522.frag,63.2,69.1,18.6,22.1,9.0
balifrag,learnMSA_paper,PF13561.frag,68.9,69.5,0.0,0.0,21.0
balifrag,learnMSA_paper,PF14604.frag,52.3,60.9,0.0,0.0,4.0
balifrag,clustalo,PF00009.frag,78.4,86.5,31.9,36.5,1.0
balifrag,clustalo,PF00018.frag,67.9,82.2,4.7,5.3,0.0
balifrag,clustalo,PF00037.frag,90.4,90.4,62.1,80.7,0.0
balifrag,clustalo,PF00046.frag,91.4,99.6,83.3,82.9,0.0
balifrag,clustalo,PF00078.frag,56.1,76.4,29.0,25.5,2.0
balifrag,clustalo,PF00079.frag,53.7,86.2,38.6,38.5,4.0
balifrag,clustalo,PF00084.frag,52.3,82.6,35.6,35.8,0.0
balifrag,clustalo,PF00150.frag,31.7,58.3,2.2,2.8,6.0
balifrag,clustalo,PF00155.frag,36.5,50.9,0.6,0.0,5.0
balifrag,clustalo,PF00202.frag,31.4,53.4,0.0,0.0,3.0
balifrag,clustalo,PF00224.frag,83.6,91.3,54.9,59.1,2.0
balifrag,clustalo,PF00232.frag,60.7,78.8,54.0,42.8,3.0
balifrag,clustalo,PF00313.frag,67.0,81.3,49.2,46.4,0.0
balifrag,clustalo,PF00450.frag,64.3,84.9,39.6,40.3,4.0
balifrag,clustalo,PF00476.frag,91.7,94.4,73.5,76.1,3.0
balifrag,clustalo,PF00505.frag,72.2,87.9,2.9,2.6,0.0
balifrag,clustalo,PF00625.frag,54.4,61.6,2.3,2.5,0.0
balifrag,clustalo,PF00687.frag,59.4,78.2,41.3,33.3,1.0
balifrag,clustalo,PF00970.frag,72.4,83.7,0.0,0.0,0.0
balifrag,clustalo,PF01381.frag,37.1,58.5,0.0,0.0,0.0
balifrag,clustalo,PF01814.frag,55.8,92.4,31.0,19.2,1.0
balifrag,clustalo,PF02777.frag,83.5,93.1,70.0,69.8,0.0
balifrag,clustalo,PF02836.frag,89.7,92.3,77.5,85.2,2.0
balifrag,clustalo,PF02878.frag,63.2,77.5,49.6,52.7,0.0
balifrag,clustalo,PF03129.frag,84.8,94.7,23.4,27.0,0.0
balifrag,clustalo,PF04082.frag,14.9,42.6,2.4,1.9,9.0
balifrag,clustalo,PF05746.frag,67.4,77.9,37.5,35.9,0.0
balifrag,clustalo,PF07654.frag,62.1,82.5,60.7,55.1,0.0
balifrag,clustalo,PF07679.frag,49.8,67.8,10.2,15.6,0.0
balifrag,clustalo,PF07686.frag,77.6,89.1,0.0,0.0,0.0
balifrag,clustalo,PF13365.frag,56.1,77.8,0.0,0.0,1.0
balifrag,clustalo,PF13378.frag,80.8,87.5,3.8,4.0,2.0
balifrag,clustalo,PF13393.frag,37.7,53.0,0.6,0.0,2.0
balifrag,clustalo,PF13522.frag,69.0,82.8,8.5,10.5,0.0
balifrag,clustalo,PF13561.frag,52.2,78.3,3.0,2.5,2.0
balifrag,clustalo,PF14604.frag,58.9,74.1,25.0,17.5,0.0
balifrag,mafft,PF00009.frag,84.3,86.8,48.7,58.6,13.0
balifrag,mafft,PF00018.frag,77.6,88.8,2.3,2.6,1.0
balifrag,mafft,PF00037.frag,95.3,95.3,62.1,81.6,3.0
balifrag,mafft,PF00046.frag,93.1,97.5,75.0,72.0,5.0
balifrag,mafft,PF00078.frag,83.2,89.5,74.6,72.7,28.0
balifrag,mafft,PF00079.frag,89.9,91.9,83.5,82.1,61.0
balifrag,mafft,PF00084.frag,77.5,80.9,71.2,66.5,3.0
balifrag,mafft,PF00150.frag,57.9,64.3,7.1,7.2,83.0
balifrag,mafft,PF00155.frag,44.8,54.0,0.8,0.0,35.0
balifrag,mafft,PF00202.frag,50.3,58.6,4.4,3.9,32.0
balifrag,mafft,PF00224.frag,81.6,86.0,44.7,48.3,11.0
balifrag,mafft,PF00232.frag,76.2,83.1,61.2,64.2,37.0
balifrag,mafft,PF00313.frag,71.2,75.7,55.4,53.0,1.0
balifrag,mafft,PF00450.frag,78.4,82.0,57.8,65.0,46.0
balifrag,mafft,PF00476.frag,93.6,94.5,82.0,84.9,32.0
balifrag,mafft,PF00505.frag,94.0,95.0,68.6,71.0,1.0
balifrag,mafft,PF00625.frag,58.5,61.2,5.3,6.2,5.0
balifrag,mafft,PF00687.frag,90.4,90.9,81.4,74.2,8.0
balifrag,mafft,PF00970.frag,82.8,86.0,5.4,6.4,5.0
balifrag,mafft,PF01381.frag,56.6,65.2,0.0,0.0,2.0
balifrag,mafft,PF01814.frag,75.2,76.7,53.4,56.0,12.0
balifrag,mafft,PF02777.frag,92.9,93.3,78.0,78.5,3.0
balifrag,mafft,PF02836.frag,91.8,93.0,77.5,85.5,21.0
balifrag,mafft,PF02878.frag,84.1,87.5,67.4,72.9,3.0
balifrag,mafft,PF03129.frag,88.1,91.6,10.6,8.7,2.0
balifrag,mafft,PF04082.frag,30.6,51.0,13.1,18.1,50.0
balifrag,mafft,PF05746.frag,70.9,76.4,36.7,37.5,5.0
balifrag,mafft,PF07654.frag,87.2,90.8,82.1,76.7,2.0
balifrag,mafft,PF07679.frag,52.1,55.5,10.2,17.0,4.0
balifrag,mafft,PF07686.frag,78.8,86.5,11.2,12.5,8.0
balifrag,mafft,PF13365.frag,69.0,82.7,0.9,0.0,31.0
balifrag,mafft,PF13378.frag,85.3,89.2,16.7,19.5,13.0
balifrag,mafft,PF13393.frag,39.7,53.2,2.2,1.5,22.0
balifrag,mafft,PF13522.frag,62.6,73.7,0.0,0.0,5.0
balifrag,mafft,PF13561.frag,63.1,72.1,0.3,0.0,14.0
balifrag,mafft,PF14604.frag,51.2,65.7,12.5,9.1,1.0
balifrag,upp,PF00009.frag,83.8,84.8,43.7,59.0,10.0
balifrag,upp,PF00018.frag,84.3,93.6,7.0,7.3,2.0
balifrag,upp,PF00037.frag,85.3,94.7,48.3,67.3,1.0
balifrag,upp,PF00046.frag,98.9,100.0,95.8,95.4,2.0
balifrag,upp,PF00078.frag,85.8,90.3,64.5,61.2,10.0
balifrag,upp,PF00079.frag,15.8,44.8,0.0,0.0,18.0
balifrag,upp,PF00084.frag,79.4,85.2,71.2,67.4,3.0
balifrag,upp,PF00150.frag,60.5,68.0,21.0,27.4,20.0
balifrag,upp,PF00155.frag,47.5,53.0,0.2,0.0,19.0
balifrag,upp,PF00202.frag,51.5,61.5,0.9,0.4,24.0
balifrag,upp,PF00224.frag,89.0,91.6,62.8,68.6,12.0
balifrag,upp,PF00232.frag,35.9,67.4,29.6,24.3,19.0
balifrag,upp,PF00313.frag,78.6,81.9,58.5,56.3,2.0
balifrag,upp,PF00450.frag,19.7,73.7,0.0,0.0,22.0
balifrag,upp,PF00476.frag,94.5,94.7,82.0,85.2,24.0
balifrag,upp,PF00505.frag,92.5,96.5,60.0,66.4,2.0
balifrag,upp,PF00625.frag,22.5,45.9,0.0,0.0,4.0
balifrag,upp,PF00687.frag,91.1,92.4,82.6,77.3,7.0
balifrag,upp,PF00970.frag,68.1,73.0,4.8,5.2,5.0
balifrag,upp,PF01381.frag,48.9,67.4,5.0,1.5,2.0
balifrag,upp,PF01814.frag,83.3,89.5,73.3,76.9,8.0
balifrag,upp,PF02777.frag,88.6,94.3,69.0,70.4,3.0
balifrag,upp,PF02836.frag,74.8,82.3,59.0,68.0,12.0
balifrag,upp,PF02878.frag,83.1,84.8,66.7,74.6,5.0
balifrag,upp,PF03129.frag,93.5,96.6,46.8,54.4,4.0
balifrag,upp,PF04082.frag,57.6,67.7,25.9,40.2,15.0
balifrag,upp,PF05746.frag,80.3,82.6,60.2,63.5,5.0
balifrag,upp,PF07654.frag,88.5,90.1,85.7,80.6,3.0
balifrag,upp,PF07679.frag,64.3,78.6,20.4,34.8,4.0
balifrag,upp,PF07686.frag,85.1,93.8,11.2,12.9,6.0
balifrag,upp,PF13365.frag,57.5,73.3,0.0,0.0,10.0
balifrag,upp,PF13378.frag,87.8,90.0,31.6,38.5,10.0
balifrag,upp,PF13393.frag,39.9,56.0,3.8,2.9,14.0
balifrag,upp,PF13522.frag,73.2,81.9,21.7,26.7,6.0
balifrag,upp,PF13561.frag,76.6,80.3,5.0,5.9,11.0
balifrag,upp,PF14604.frag,59.1,74.5,14.3,10.5,2.0
balifrag,reg,PF00009.frag,78.1,84.1,31.9,37.1,8.0
balifrag,reg,PF00018.frag,74.6,87.9,0.0,0.0,3.0
balifrag,reg,PF00037.frag,91.4,94.3,58.6,79.2,3.0
balifrag,reg,PF00046.frag,94.1,98.6,77.1,79.6,3.0
balifrag,reg,PF00078.frag,63.3,85.1,36.7,32.3,9.0
balifrag,reg,PF00079.frag,76.9,81.3,69.8,62.4,19.0
balifrag,reg,PF00084.frag,63.3,82.6,55.9,45.4,4.0
balifrag,reg,PF00150.frag,34.2,60.0,10.9,10.5,22.0
balifrag,reg,PF00155.frag,32.4,47.1,0.4,0.0,20.0
balifrag,reg,PF00202.frag,41.3,53.4,0.0,0.0,17.0
balifrag,reg,PF00224.frag,82.5,88.8,47.4,54.1,11.0
balifrag,reg,PF00232.frag,47.6,60.8,32.8,12.1,17.0
balifrag,reg,PF00313.frag,70.6,78.4,46.2,43.1,3.0
balifrag,reg,PF00450.frag,60.8,78.1,39.2,37.2,20.0
balifrag,reg,PF00476.frag,92.9,94.5,77.5,79.9,16.0
balifrag,reg,PF00505.frag,71.4,78.5,12.9,12.5,3.0
balifrag,reg,PF00625.frag,44.8,52.6,3.0,3.1,5.0
balifrag,reg,PF00687.frag,86.2,87.3,74.9,71.7,6.0
balifrag,reg,PF00970.frag,67.5,81.0,0.0,0.0,4.0
balifrag,reg,PF01381.frag,41.9,54.2,0.0,0.0,4.0
balifrag,reg,PF01814.frag,53.3,65.5,28.4,21.2,7.0
balifrag,reg,PF02777.frag,82.8,93.4,70.0,68.5,4.0
balifrag,reg,PF02836.frag,87.9,93.7,71.7,76.9,11.0
balifrag,reg,PF02878.frag,66.5,70.6,49.6,55.2,4.0
balifrag,reg,PF03129.frag,87.9,93.6,13.8,16.9,4.0
balifrag,reg,PF04082.frag,27.5,62.2,8.4,10.3,30.0
balifrag,reg,PF05746.frag,68.6,77.4,30.5,34.6,4.0
balifrag,reg,PF07654.frag,54.6,69.3,41.7,36.6,4.0
balifrag,reg,PF07679.frag,57.4,74.3,24.5,38.0,5.0
balifrag,reg,PF07686.frag,83.7,91.9,24.3,25.2,5.0
balifrag,reg,PF13365.frag,50.9,79.7,0.0,0.0,9.0
balifrag,reg,PF13378.frag,76.1,85.8,2.4,2.0,9.0
balifrag,reg,PF13393.frag,36.2,53.7,3.8,2.9,11.0
balifrag,reg,PF13522.frag,62.4,85.6,17.8,22.2,5.0
balifrag,reg,PF13561.frag,71.9,79.0,2.3,1.9,12.0
balifrag,reg,PF14604.frag,54.2,68.5,8.9,5.6,3.0
balifrag,MAGUS,PF00009.frag,74.5,85.4,34.4,38.3,3.0
balifrag,MAGUS,PF00018.frag,78.8,81.9,0.0,0.0,0.0
balifrag,MAGUS,PF00037.frag,95.1,95.1,69.0,90.4,0.0
balifrag,MAGUS,PF00046.frag,99.4,99.4,97.9,97.7,0.0
balifrag,MAGUS,PF00078.frag,70.9,87.7,36.7,32.3,8.0
balifrag,MAGUS,PF00079.frag,71.6,94.3,61.1,49.0,15.0
balifrag,MAGUS,PF00084.frag,66.1,69.2,47.5,38.5,1.0
balifrag,MAGUS,PF00150.frag,48.3,71.7,13.1,14.5,14.0
balifrag,MAGUS,PF00155.frag,42.3,48.0,2.1,1.0,13.0
balifrag,MAGUS,PF00202.frag,52.5,58.3,2.4,1.4,12.0
balifrag,MAGUS,PF00224.frag,81.7,92.5,41.9,49.4,4.0
balifrag,MAGUS,PF00232.frag,79.5,83.1,70.2,64.4,9.0
balifrag,MAGUS,PF00313.frag,80.2,81.6,61.5,59.6,0.0
balifrag,MAGUS,PF00450.frag,79.3,86.7,55.4,61.8,19.0
balifrag,MAGUS,PF00476.frag,96.2,96.1,86.2,88.6,15.0
balifrag,MAGUS,PF00505.frag,85.9,85.3,11.4,9.3,0.0
balifrag,MAGUS,PF00625.frag,65.3,64.9,4.2,4.0,1.0
balifrag,MAGUS,PF00687.frag,71.2,80.8,65.9,49.2,3.0
balifrag,MAGUS,PF00970.frag,59.5,83.2,6.0,6.6,1.0
balifrag,MAGUS,PF01381.frag,53.3,54.1,3.3,2.4,0.0
balifrag,MAGUS,PF01814.frag,66.3,79.9,38.8,32.5,2.0
balifrag,MAGUS,PF02777.frag,91.4,92.6,74.0,74.1,1.0
balifrag,MAGUS,PF02836.frag,92.9,94.1,81.0,89.0,7.0
balifrag,MAGUS,PF02878.frag,85.3,86.8,68.9,76.9,1.0
balifrag,MAGUS,PF03129.frag,88.2,89.4,0.0,0.0,1.0
balifrag,MAGUS,PF04082.frag,43.6,64.5,23.1,24.8,14.0
balifrag,MAGUS,PF05746.frag,79.6,83.1,53.1,55.9,2.0
balifrag,MAGUS,PF07654.frag,84.1,87.2,72.6,73.1,0.0
balifrag,MAGUS,PF07679.frag,70.6,71.2,20.4,32.1,1.0
balifrag,MAGUS,PF07686.frag,85.9,90.9,1.9,1.5,2.0
balifrag,MAGUS,PF13365.frag,52.4,70.2,0.0,0.0,6.0
balifrag,MAGUS,PF13378.frag,75.3,83.4,8.1,6.9,4.0
balifrag,MAGUS,PF13393.frag,51.6,67.6,12.2,11.1,8.0
balifrag,MAGUS,PF13522.frag,71.3,78.7,24.8,32.5,2.0
balifrag,MAGUS,PF13561.frag,77.5,80.6,5.7,6.5,6.0
balifrag,MAGUS,PF14604.frag,59.6,61.8,17.9,11.7,0.0
large,learnMSA_1.1,PF00005.30,73.6,78.6,22.7,37.3,105.0
large,learnMSA_1.1,PF00041.24,80.1,81.5,20.2,27.8,10.0
large,learnMSA_1.1,PF00069.28,83.9,83.9,30.6,46.8,60.0
large,learnMSA_1.1,PF00072.27,93.2,93.3,44.6,52.6,17.0
large,learnMSA_1.1,PF00096.29,94.2,94.5,25.8,34.5,8.0
large,learnMSA_1.1,PF00400.35,16.6,15.8,0.0,0.0,10.0
large,learnMSA_1.1,PF07679.19,93.0,93.1,49.0,55.2,9.0
large,learnMSA_1.1,PF07690.19,55.7,55.7,0.4,0.0,156.0
large,learnMSA_1.1,PF12796.10,72.1,65.2,0.0,0.0,10.0
large,learnMSA_1.1,PF13855.9,96.4,96.7,50.8,53.1,7.0
large,learnMSA_paper,PF00005.30,74.9,77.3,22.2,36.6,601.0
large,learnMSA_paper,PF00069.28,83.4,82.1,24.9,37.9,676.0
large,learnMSA_paper,PF00096.29,92.9,94.7,6.5,8.6,57.0
large,learnMSA_paper,PF00400.35,18.0,17.0,0.0,0.0,63.0
large,learnMSA_paper,PF12796.10,72.4,63.1,0.0,0.0,77.0
large,learnMSA_paper,PF00041.24,79.1,79.5,16.5,22.8,61.0
large,learnMSA_paper,PF00072.27,92.4,92.8,39.2,46.3,174.0
large,learnMSA_paper,PF07679.19,94.1,94.0,50.0,56.4,57.0
large,learnMSA_paper,PF07690.19,56.1,55.5,0.0,0.0,1813.0
large,learnMSA_paper,PF13855.9,94.7,94.8,26.2,28.3,50.0
large,mafft,PF00069.28,54.9,75.6,5.4,8.7,3178.0
large,mafft,PF00096.29,84.1,90.8,16.1,21.6,21.0
large,mafft,PF00400.35,-0.7,-0.8,0.0,0.0,138.0
large,mafft,PF12796.10,40.4,51.4,0.4,0.0,453.0
large,mafft,PF00041.24,43.2,67.9,0.0,0.0,123.0
large,mafft,PF00072.27,64.9,81.2,4.6,5.4,454.0
large,mafft,PF07679.19,68.1,83.4,13.0,14.7,69.0
large,mafft,PF13855.9,80.6,89.4,3.1,3.3,71.0
large,upp,PF00005.30,73.5,77.4,10.2,16.8,3153.0
large,upp,PF00069.28,83.3,84.7,20.2,31.0,1171.0
large,upp,PF00096.29,86.3,95.0,0.0,0.0,101.0
large,upp,PF00400.35,3.6,4.2,0.0,0.0,118.0
large,upp,PF12796.10,40.8,52.9,0.0,0.0,258.0
large,upp,PF00041.24,74.9,81.5,22.0,30.4,137.0
large,upp,PF00072.27,91.4,93.7,34.6,39.0,401.0
large,upp,PF07679.19,88.7,91.6,46.0,51.9,171.0
large,upp,PF07690.19,51.6,53.9,0.0,0.0,2128.0
large,upp,PF13855.9,91.0,96.2,21.5,23.2,148.0
large,reg,PF00096.29,69.9,91.8,0.0,0.0,53.0
large,reg,PF00400.35,-24.9,-51.6,0.0,0.0,118.0
large,reg,PF00041.24,37.0,68.8,0.0,0.0,50.0
large,reg,PF07679.19,44.2,75.8,2.0,2.3,36.0
large,reg,PF13855.9,49.2,72.0,0.0,0.0,47.0
large,MAGUS,PF00069.28,65.4,92.6,18.1,28.3,1748.0
large,MAGUS,PF00096.29,94.8,96.6,3.2,4.3,217.0
large,MAGUS,PF00400.35,6.9,7.8,0.0,0.0,756.0
large,MAGUS,PF12796.10,58.9,69.4,0.0,0.0,4034.0
large,MAGUS,PF00041.24,72.6,84.6,10.1,13.9,3229.0
large,MAGUS,PF00072.27,85.8,92.8,33.1,39.0,1487.0
large,MAGUS,PF07679.19,84.0,94.9,42.0,47.4,259.0
large,MAGUS,PF13855.9,94.7,96.0,38.5,41.5,3246.0
